action,atr,attempt,cancelled_algo_id,current_price,event,exchange_stop_algo_id,exchange_stop_price,exchange_stop_status,fill_price,inst_id,local_reason,new_stop,old_exchange_stop,old_strategy_stop,operation,qty,reason,requested_stop,response,response_code,side,slippage_abs,strategy_stop_price,threshold,trade_id,trigger_price,ts
,0.2,1,,,STOP_PLACED,3400054158693588992,119.75,active,,AAVE-USDT-SWAP,,,,,,89.9,initial_turtle_stop,119.75,,0,short,,119.75,,20260318_140507_AAVE-USDT-SWAP_short,,2026-03-18 14:05:10
,0.4299999999999983,1,,,STOP_PLACED,3400054279858642944,467.86,active,,BCH-USDT-SWAP,,,,,,22.7,initial_turtle_stop,467.86,,0,short,,467.86,,20260318_140511_BCH-USDT-SWAP_short,,2026-03-18 14:05:13
,0.000215000000000002,1,,,STOP_PLACED,3400056072705499136,0.09928,active,,DOGE-USDT-SWAP,,,,,,10.59,initial_turtle_stop,0.09928,,0,short,,0.09928,,20260318_140603_DOGE-USDT-SWAP_short,,2026-03-18 14:06:07
,0.000215000000000002,,3400056072705499136,,STOP_CANCELLED,3400056072705499136,0.09928,active,,DOGE-USDT-SWAP,,,,,,21.18,replace:unit_added,,,,short,,0.09878925000000015,,20260318_140603_DOGE-USDT-SWAP_short,,2026-03-18 14:07:25
,0.000215000000000002,1,,,STOP_PLACED,3400058764844687360,0.09878925000000015,active,,DOGE-USDT-SWAP,,,,,,21.18,unit_added,0.09878925000000015,,0,short,,0.09878925000000015,,20260318_140603_DOGE-USDT-SWAP_short,,2026-03-18 14:07:27
,0.000215000000000002,,,0.0987500000000003,STOP_MOVED,3400058764844687360,0.09878925000000015,active,,DOGE-USDT-SWAP,,0.09878925000000015,0.09928,0.09928,,21.18,unit_added,,,,short,,0.09878925000000015,,20260318_140603_DOGE-USDT-SWAP_short,,2026-03-18 14:07:27
replace_after_missing_algo,0.000215000000000002,,,0.09885,STOP_MISSING,3400058764844687360,0.09878,active,,DOGE-USDT-SWAP,,,,,,21.18,manage_open_positions,,,,short,,0.09878925000000015,,20260318_140603_DOGE-USDT-SWAP_short,,2026-03-18 14:08:45
,0.000215000000000002,,,0.09885,STOP_REJECTED,,0.0,rejected_market_crossed,,DOGE-USDT-SWAP,,,,,place_stop,21.18,market_already_crossed_stop,0.09878925000000015,,,short,,0.09878925000000015,,20260318_140603_DOGE-USDT-SWAP_short,,2026-03-18 14:08:48
,0.000215000000000002,,,0.09885,LOCAL_PROTECTIVE_EXIT,,0.0,local_protective_exit_pending,,DOGE-USDT-SWAP,,,,,,21.18,market_already_crossed_stop,0.09878925000000015,"{'code': 'LOCAL', 'msg': 'market_already_crossed_stop'}",,short,,0.09878925000000015,,20260318_140603_DOGE-USDT-SWAP_short,,2026-03-18 14:08:48
,0.000215000000000002,,,,LOCAL_PROTECTIVE_EXIT_TRIGGERED,,0.0,local_protective_exit_pending,0.09885,DOGE-USDT-SWAP,market_already_crossed_stop,,,,,21.18,,,,,short,-6.074999999984565e-05,0.09878925000000015,,20260318_140603_DOGE-USDT-SWAP_short,0.09878925000000015,2026-03-18 14:08:48
,0.000215000000000002,1,,,STOP_PLACED,3400062170753753088,0.09923,active,,DOGE-USDT-SWAP,,,,,,10.59,initial_turtle_stop,0.09923,,0,short,,0.09923,,20260318_140905_DOGE-USDT-SWAP_short,,2026-03-18 14:09:08
,0.21300000000000024,,3400054158693588992,,STOP_CANCELLED,3400054158693588992,119.75,active,,AAVE-USDT-SWAP,,,,,,89.9,pre_close:Early invalidation: движение против позиции 1.74 ATR,,,,short,,119.75,,20260318_140507_AAVE-USDT-SWAP_short,,2026-03-18 14:10:13
,0.0002675000000000011,1,,,STOP_PLACED,3400067551978676224,0.1741236838624339,active,,XLM-USDT-SWAP,,,,,,60.48,initial_turtle_stop,0.1741236838624339,,0,short,,0.1741236838624339,,20260318_141146_XLM-USDT-SWAP_short,,2026-03-18 14:11:49
,0.0002275000000000013,,,,STOP_ERROR,3400062170753753088,0.09923,active,,DOGE-USDT-SWAP,,,,,cancel_stop,10.59,pre_close:Early invalidation: движение против позиции 1.98 ATR,,"{'code': '1', 'data': [{'algoClOrdId': '', 'algoId': '3400062170753753088', 'clOrdId': '', 'sCode': '51400', 'sMsg': 'Order cancellation failed as the order has been filled, canceled or does not exist.', 'tag': ''}], 'msg': ''}",,short,,0.09923,,20260318_140905_DOGE-USDT-SWAP_short,,2026-03-18 14:13:45
,0.4350000000000023,,3400054279858642944,,STOP_CANCELLED,3400054279858642944,467.8,active,,BCH-USDT-SWAP,,,,,,22.7,replace:turtle_trailing_update,,,,short,,467.0,,20260318_140511_BCH-USDT-SWAP_short,,2026-03-18 14:20:07
,0.4350000000000023,,,467.6,STOP_REJECTED,,0.0,rejected_market_crossed,,BCH-USDT-SWAP,,,,,place_stop,22.7,market_already_crossed_stop,467.0,,,short,,467.0,,20260318_140511_BCH-USDT-SWAP_short,,2026-03-18 14:20:09
,0.4350000000000023,,,467.6,LOCAL_PROTECTIVE_EXIT,,0.0,local_protective_exit_pending,,BCH-USDT-SWAP,,,,,,22.7,market_already_crossed_stop,467.0,"{'code': 'LOCAL', 'msg': 'market_already_crossed_stop'}",,short,,467.0,,20260318_140511_BCH-USDT-SWAP_short,,2026-03-18 14:20:09
,0.4350000000000023,,,,LOCAL_PROTECTIVE_EXIT_TRIGGERED,,0.0,local_protective_exit_pending,467.6,BCH-USDT-SWAP,market_already_crossed_stop,,,,,22.7,,,,,short,-0.6000000000000227,467.0,,20260318_140511_BCH-USDT-SWAP_short,467.0,2026-03-18 14:20:09
,0.0003015000000000004,,3400067551978676224,,STOP_CANCELLED,3400067551978676224,0.17412,active,,XLM-USDT-SWAP,,,,,,60.48,replace:turtle_trailing_update,,,,short,,0.1735886838624339,,20260318_141146_XLM-USDT-SWAP_short,,2026-03-18 14:25:08
,0.0003015000000000004,,,0.17365,STOP_REJECTED,,0.0,rejected_market_crossed,,XLM-USDT-SWAP,,,,,place_stop,60.48,market_already_crossed_stop,0.1735886838624339,,,short,,0.1735886838624339,,20260318_141146_XLM-USDT-SWAP_short,,2026-03-18 14:25:10
,0.0003015000000000004,,,0.17365,LOCAL_PROTECTIVE_EXIT,,0.0,local_protective_exit_pending,,XLM-USDT-SWAP,,,,,,60.48,market_already_crossed_stop,0.1735886838624339,"{'code': 'LOCAL', 'msg': 'market_already_crossed_stop'}",,short,,0.1735886838624339,,20260318_141146_XLM-USDT-SWAP_short,,2026-03-18 14:25:10
,0.0003015000000000004,,,,LOCAL_PROTECTIVE_EXIT_TRIGGERED,,0.0,local_protective_exit_pending,0.17365,XLM-USDT-SWAP,market_already_crossed_stop,,,,,60.48,,,,,short,-6.13161375661031e-05,0.1735886838624339,,20260318_141146_XLM-USDT-SWAP_short,0.1735886838624339,2026-03-18 14:25:10
,0.0001300000000000006,1,,,STOP_PLACED,3400104651805515776,0.0612850059852936,active,,MINA-USDT-SWAP,,,,,,17543.0,initial_turtle_stop,0.0612850059852936,,0,short,,0.0612850059852936,,20260318_143011_MINA-USDT-SWAP_short,,2026-03-18 14:30:14
,0.5250000000000028,1,,,STOP_PLACED,3400104805585477632,466.9625824901012,active,,BCH-USDT-SWAP,,,,,,22.73,initial_turtle_stop,466.9625824901012,,0,short,,466.9625824901012,,20260318_143016_BCH-USDT-SWAP_short,,2026-03-18 14:30:19
,0.0026000000000000133,1,,,STOP_PLACED,3400104961680695296,1.6282,active,,DOT-USDT-SWAP,,,,,,645.2,initial_turtle_stop,1.6282,,0,short,,1.6282,,20260318_143020_DOT-USDT-SWAP_short,,2026-03-18 14:30:24
,0.12699999999999925,1,,,STOP_PLACED,3400105115125112832,57.72411111111111,active,,LTC-USDT-SWAP,,,,,,18.0,initial_turtle_stop,57.72411111111111,,0,short,,57.72411111111111,,20260318_143025_LTC-USDT-SWAP_short,,2026-03-18 14:30:28
,0.00023900000000000033,1,,,STOP_PLACED,3400105270146588672,0.135078,active,,OP-USDT-SWAP,,,,,,7599.0,initial_turtle_stop,0.135078,,0,short,,0.135078,,20260318_143030_OP-USDT-SWAP_short,,2026-03-18 14:30:33
,0.00043450000000000015,1,,,STOP_PLACED,3400105427818864640,0.173689,active,,XLM-USDT-SWAP,,,,,,58.82,initial_turtle_stop,0.173689,,0,short,,0.173689,,20260318_143034_XLM-USDT-SWAP_short,,2026-03-18 14:30:38
,0.12699999999999925,,3400105115125112832,,STOP_CANCELLED,3400105115125112832,57.72411111111111,active,,LTC-USDT-SWAP,,,,,,36.0,replace:unit_added,,,,short,,57.42623333333334,,20260318_143025_LTC-USDT-SWAP_short,,2026-03-18 14:30:41
,0.12699999999999925,1,,,STOP_PLACED,3400105661458374656,57.42623333333334,active,,LTC-USDT-SWAP,,,,,,36.0,unit_added,57.42623333333334,,0,short,,57.42623333333334,,20260318_143025_LTC-USDT-SWAP_short,,2026-03-18 14:30:45
,0.12699999999999925,,,57.39505555555556,STOP_MOVED,3400105661458374656,57.42623333333334,active,,LTC-USDT-SWAP,,57.42623333333334,57.72411111111111,57.72411111111111,,36.0,unit_added,,,,short,,57.42623333333334,,20260318_143025_LTC-USDT-SWAP_short,,2026-03-18 14:30:45
,0.2675000000000011,1,,,STOP_PLACED,3400106084982415360,118.9013882063882,active,,AAVE-USDT-SWAP,,,,,,81.4,initial_turtle_stop,118.9013882063882,,0,short,,118.9013882063882,,20260318_143055_AAVE-USDT-SWAP_short,,2026-03-18 14:30:57
,0.00043450000000000015,,3400105427818864640,,STOP_CANCELLED,3400105427818864640,0.173689,active,,XLM-USDT-SWAP,,,,,,117.64,replace:unit_added,,,,short,,0.1724985873937438,,20260318_143034_XLM-USDT-SWAP_short,,2026-03-18 14:31:08
,0.00043450000000000015,,,,STOP_ERROR,,0.0,place_pending,,XLM-USDT-SWAP,,,,,place_stop,117.64,unit_added,0.1724985873937438,"{'code': '1', 'data': [{'algoClOrdId': '', 'algoId': '', 'clOrdId': '', 'sCode': '51278', 'sMsg': 'SL trigger price cannot be lower than the last price ', 'tag': ''}], 'msg': ''}",,short,,0.1724985873937438,,20260318_143034_XLM-USDT-SWAP_short,,2026-03-18 14:31:10
,0.12699999999999925,,3400105661458374656,,STOP_CANCELLED,3400105661458374656,57.42,active,,LTC-USDT-SWAP,,,,,,54.0,replace:unit_added,,,,short,,57.17875,,20260318_143025_LTC-USDT-SWAP_short,,2026-03-18 14:31:24
,0.12699999999999925,,,57.28337037037037,STOP_REJECTED,,0.0,rejected_market_crossed,,LTC-USDT-SWAP,,,,,place_stop,54.0,market_already_crossed_stop,57.17875,,,short,,57.17875,,20260318_143025_LTC-USDT-SWAP_short,,2026-03-18 14:31:26
,0.12699999999999925,,,57.28337037037037,LOCAL_PROTECTIVE_EXIT,,0.0,local_protective_exit_pending,,LTC-USDT-SWAP,,,,,,54.0,market_already_crossed_stop,57.17875,"{'code': 'LOCAL', 'msg': 'market_already_crossed_stop'}",,short,,57.17875,,20260318_143025_LTC-USDT-SWAP_short,,2026-03-18 14:31:26
place_missing_stop,0.00043450000000000015,,,0.1715,STOP_MISSING,,0.0,place_error,,XLM-USDT-SWAP,,,,,,117.64,manage_open_positions,,,,short,,0.1724985873937438,,20260318_143034_XLM-USDT-SWAP_short,,2026-03-18 14:31:51
,0.00043450000000000015,1,,,STOP_PLACED,3400107962151559168,0.1724985873937438,active,,XLM-USDT-SWAP,,,,,,117.64,missing_stop_recovery,0.1724985873937438,,0,short,,0.1724985873937438,,20260318_143034_XLM-USDT-SWAP_short,,2026-03-18 14:31:53
,0.00043450000000000015,,3400107962151559168,,STOP_CANCELLED,3400107962151559168,0.1724985873937438,active,,XLM-USDT-SWAP,,,,,,176.46,replace:unit_added,,,,short,,0.17198848036665565,,20260318_143034_XLM-USDT-SWAP_short,,2026-03-18 14:31:54
,0.00043450000000000015,1,,,STOP_PLACED,3400108071807442944,0.17198848036665565,active,,XLM-USDT-SWAP,,,,,,176.46,unit_added,0.17198848036665565,,0,short,,0.17198848036665565,,20260318_143034_XLM-USDT-SWAP_short,,2026-03-18 14:31:56
,0.00043450000000000015,,,0.1719804165249918,STOP_MOVED,3400108071807442944,0.17198848036665565,active,,XLM-USDT-SWAP,,0.17198848036665565,0.1724985873937438,0.1724985873937438,,176.46,unit_added,,,,short,,0.17198848036665565,,20260318_143034_XLM-USDT-SWAP_short,,2026-03-18 14:31:56
,0.2675000000000011,,3400106084982415360,,STOP_CANCELLED,3400106084982415360,118.9,active,,AAVE-USDT-SWAP,,,,,,162.8,replace:unit_added,,,,short,,118.11641615479117,,20260318_143055_AAVE-USDT-SWAP_short,,2026-03-18 14:31:58
,0.2675000000000011,1,,,STOP_PLACED,3400108209581940736,118.11641615479117,active,,AAVE-USDT-SWAP,,,,,,162.8,unit_added,118.11641615479117,,0,short,,118.11641615479117,,20260318_143055_AAVE-USDT-SWAP_short,,2026-03-18 14:32:00
,0.2675000000000011,,,117.8931941031941,STOP_MOVED,3400108209581940736,118.11641615479117,active,,AAVE-USDT-SWAP,,118.11641615479117,118.9,118.9,,162.8,unit_added,,,,short,,118.11641615479117,,20260318_143055_AAVE-USDT-SWAP_short,,2026-03-18 14:32:00
place_missing_stop,0.12699999999999925,,,57.2,STOP_MISSING,,0.0,local_protective_exit_pending,,LTC-USDT-SWAP,,,,,,54.0,manage_open_positions,,,,short,,57.17875,,20260318_143025_LTC-USDT-SWAP_short,,2026-03-18 14:32:13
,0.12699999999999925,,,57.2,STOP_REJECTED,,0.0,rejected_market_crossed,,LTC-USDT-SWAP,,,,,place_stop,54.0,market_already_crossed_stop,57.17875,,,short,,57.17875,,20260318_143025_LTC-USDT-SWAP_short,,2026-03-18 14:32:16
,0.12699999999999925,,,57.2,LOCAL_PROTECTIVE_EXIT,,0.0,local_protective_exit_pending,,LTC-USDT-SWAP,,,,,,54.0,market_already_crossed_stop,57.17875,"{'code': 'LOCAL', 'msg': 'market_already_crossed_stop'}",,short,,57.17875,,20260318_143025_LTC-USDT-SWAP_short,,2026-03-18 14:32:16
,0.12699999999999925,,,,LOCAL_PROTECTIVE_EXIT_TRIGGERED,,0.0,local_protective_exit_pending,57.2,LTC-USDT-SWAP,market_already_crossed_stop,,,,,54.0,,,,,short,-0.02125000000000199,57.17875,,20260318_143025_LTC-USDT-SWAP_short,57.17875,2026-03-18 14:32:16
,0.2675000000000011,,3400108209581940736,,STOP_CANCELLED,3400108209581940736,118.11641615479117,active,,AAVE-USDT-SWAP,,,,,,244.2,replace:unit_added,,,,short,,117.74727999590502,,20260318_143055_AAVE-USDT-SWAP_short,,2026-03-18 14:32:19
,0.2675000000000011,,,,STOP_ERROR,,0.0,place_pending,,AAVE-USDT-SWAP,,,,,place_stop,244.2,unit_added,117.74727999590502,"{'code': '1', 'data': [{'algoClOrdId': '', 'algoId': '', 'clOrdId': '', 'sCode': '51278', 'sMsg': 'SL trigger price cannot be lower than the last price ', 'tag': ''}], 'msg': ''}",,short,,117.74727999590502,,20260318_143055_AAVE-USDT-SWAP_short,,2026-03-18 14:32:23
,0.12699999999999925,1,,,STOP_PLACED,3400109395664003072,57.233999999999995,active,,LTC-USDT-SWAP,,,,,,15.4,initial_turtle_stop,57.233999999999995,,0,short,,57.233999999999995,,20260318_143232_LTC-USDT-SWAP_short,,2026-03-18 14:32:36
,0.00043450000000000015,,3400108071807442944,,STOP_CANCELLED,3400108071807442944,0.17198,active,,XLM-USDT-SWAP,,,,,,235.28,replace:unit_added,,,,short,,0.1716593654921798,,20260318_143034_XLM-USDT-SWAP_short,,2026-03-18 14:32:53
,0.00043450000000000015,,,0.1719128123937439,STOP_REJECTED,,0.0,rejected_market_crossed,,XLM-USDT-SWAP,,,,,place_stop,235.28,market_already_crossed_stop,0.1716593654921798,,,short,,0.1716593654921798,,20260318_143034_XLM-USDT-SWAP_short,,2026-03-18 14:32:56
,0.00043450000000000015,,,0.1719128123937439,LOCAL_PROTECTIVE_EXIT,,0.0,local_protective_exit_pending,,XLM-USDT-SWAP,,,,,,235.28,market_already_crossed_stop,0.1716593654921798,"{'code': 'LOCAL', 'msg': 'market_already_crossed_stop'}",,short,,0.1716593654921798,,20260318_143034_XLM-USDT-SWAP_short,,2026-03-18 14:32:56
place_missing_stop,0.2675000000000011,,,117.98,STOP_MISSING,,0.0,place_error,,AAVE-USDT-SWAP,,,,,,244.2,manage_open_positions,,,,short,,117.74727999590502,,20260318_143055_AAVE-USDT-SWAP_short,,2026-03-18 14:32:59
,0.2675000000000011,,,117.98,STOP_REJECTED,,0.0,rejected_market_crossed,,AAVE-USDT-SWAP,,,,,place_stop,244.2,market_already_crossed_stop,117.74727999590502,,,short,,117.74727999590502,,20260318_143055_AAVE-USDT-SWAP_short,,2026-03-18 14:33:02
,0.2675000000000011,,,117.98,LOCAL_PROTECTIVE_EXIT,,0.0,local_protective_exit_pending,,AAVE-USDT-SWAP,,,,,,244.2,market_already_crossed_stop,117.74727999590502,"{'code': 'LOCAL', 'msg': 'market_already_crossed_stop'}",,short,,117.74727999590502,,20260318_143055_AAVE-USDT-SWAP_short,,2026-03-18 14:33:02
,0.2675000000000011,,,,LOCAL_PROTECTIVE_EXIT_TRIGGERED,,0.0,local_protective_exit_pending,117.98,AAVE-USDT-SWAP,market_already_crossed_stop,,,,,244.2,,,,,short,-0.23272000409498617,117.74727999590502,,20260318_143055_AAVE-USDT-SWAP_short,117.74727999590502,2026-03-18 14:33:02
,0.12699999999999925,,,,STOP_ERROR,3400109395664003072,57.233999999999995,active,,LTC-USDT-SWAP,,,,,cancel_stop,15.4,pre_close:Early invalidation: движение против позиции 3.31 ATR,,"{'code': '1', 'data': [{'algoClOrdId': '', 'algoId': '3400109395664003072', 'clOrdId': '', 'sCode': '51400', 'sMsg': 'Order cancellation failed as the order has been filled, canceled or does not exist.', 'tag': ''}], 'msg': ''}",,short,,57.233999999999995,,20260318_143232_LTC-USDT-SWAP_short,,2026-03-18 14:33:04
,0.2675000000000011,1,,,STOP_PLACED,3400110828975120384,118.475,active,,AAVE-USDT-SWAP,,,,,,74.4,initial_turtle_stop,118.475,,0,short,,118.475,,20260318_143315_AAVE-USDT-SWAP_short,,2026-03-18 14:33:19
,0.12699999999999925,1,,,STOP_PLACED,3400110980171390976,57.49419736842105,active,,LTC-USDT-SWAP,,,,,,15.2,initial_turtle_stop,57.49419736842105,,0,short,,57.49419736842105,,20260318_143320_LTC-USDT-SWAP_short,,2026-03-18 14:33:23
place_missing_stop,0.00043450000000000015,,,0.17189,STOP_MISSING,,0.0,local_protective_exit_pending,,XLM-USDT-SWAP,,,,,,235.28,manage_open_positions,,,,short,,0.1716593654921798,,20260318_143034_XLM-USDT-SWAP_short,,2026-03-18 14:33:39
,0.00043450000000000015,,,0.17189,STOP_REJECTED,,0.0,rejected_market_crossed,,XLM-USDT-SWAP,,,,,place_stop,235.28,market_already_crossed_stop,0.1716593654921798,,,short,,0.1716593654921798,,20260318_143034_XLM-USDT-SWAP_short,,2026-03-18 14:33:42
,0.00043450000000000015,,,0.17189,LOCAL_PROTECTIVE_EXIT,,0.0,local_protective_exit_pending,,XLM-USDT-SWAP,,,,,,235.28,market_already_crossed_stop,0.1716593654921798,"{'code': 'LOCAL', 'msg': 'market_already_crossed_stop'}",,short,,0.1716593654921798,,20260318_143034_XLM-USDT-SWAP_short,,2026-03-18 14:33:42
,0.00043450000000000015,,,,LOCAL_PROTECTIVE_EXIT_TRIGGERED,,0.0,local_protective_exit_pending,0.17189,XLM-USDT-SWAP,market_already_crossed_stop,,,,,235.28,,,,,short,-0.00023063450782018213,0.1716593654921798,,20260318_143034_XLM-USDT-SWAP_short,0.1716593654921798,2026-03-18 14:33:42
,0.12699999999999925,,3400110980171390976,,STOP_CANCELLED,3400110980171390976,57.49419736842105,active,,LTC-USDT-SWAP,,,,,,30.4,replace:unit_added,,,,short,,57.12875,,20260318_143320_LTC-USDT-SWAP_short,,2026-03-18 14:33:46
,0.12699999999999925,2,,,STOP_PLACED,3400111867451236352,57.12875,active,,LTC-USDT-SWAP,,,,,,30.4,unit_added,57.12875,,0,short,,57.12875,,20260318_143320_LTC-USDT-SWAP_short,,2026-03-18 14:33:49
,0.12699999999999925,,,57.10009868421053,STOP_MOVED,3400111867451236352,57.12875,active,,LTC-USDT-SWAP,,57.12875,57.49419736842105,57.49419736842105,,30.4,unit_added,,,,short,,57.12875,,20260318_143320_LTC-USDT-SWAP_short,,2026-03-18 14:33:50
,0.00043450000000000015,1,,,STOP_PLACED,3400112338454798336,0.1727524312892815,active,,XLM-USDT-SWAP,,,,,,58.87,initial_turtle_stop,0.1727524312892815,,0,short,,0.1727524312892815,,20260318_143400_XLM-USDT-SWAP_short,,2026-03-18 14:34:04
,0.12699999999999925,1,,,STOP_PLACED,3400112493409165312,57.494175438596486,active,,LTC-USDT-SWAP,,,,,,17.1,initial_turtle_stop,57.494175438596486,,0,short,,57.494175438596486,,20260318_143405_LTC-USDT-SWAP_short,,2026-03-18 14:34:08
,0.5250000000000028,,3400104805585477632,,STOP_CANCELLED,3400104805585477632,466.9,active,,BCH-USDT-SWAP,,,,,,45.46,replace:unit_added,,,,short,,465.25625,,20260318_143016_BCH-USDT-SWAP_short,,2026-03-18 14:34:16
,0.5250000000000028,1,,,STOP_PLACED,3400112858984701952,465.25625,active,,BCH-USDT-SWAP,,,,,,45.46,unit_added,465.25625,,0,short,,465.25625,,20260318_143016_BCH-USDT-SWAP_short,,2026-03-18 14:34:19
,0.5250000000000028,,,465.2062912450506,STOP_MOVED,3400112858984701952,465.25625,active,,BCH-USDT-SWAP,,465.25625,466.9,466.9,,45.46,unit_added,,,,short,,465.25625,,20260318_143016_BCH-USDT-SWAP_short,,2026-03-18 14:34:19
,0.00023900000000000033,,3400105270146588672,,STOP_CANCELLED,3400105270146588672,0.13507,active,,OP-USDT-SWAP,,,,,,15198.0,replace:unit_added,,,,short,,0.13390875000000002,,20260318_143030_OP-USDT-SWAP_short,,2026-03-18 14:34:27
,0.00023900000000000033,,,0.1339988202395056,STOP_REJECTED,,0.0,rejected_market_crossed,,OP-USDT-SWAP,,,,,place_stop,15198.0,market_already_crossed_stop,0.13390875000000002,,,short,,0.13390875000000002,,20260318_143030_OP-USDT-SWAP_short,,2026-03-18 14:34:30
,0.00023900000000000033,,,0.1339988202395056,LOCAL_PROTECTIVE_EXIT,,0.0,local_protective_exit_pending,,OP-USDT-SWAP,,,,,,15198.0,market_already_crossed_stop,0.13390875000000002,"{'code': 'LOCAL', 'msg': 'market_already_crossed_stop'}",,short,,0.13390875000000002,,20260318_143030_OP-USDT-SWAP_short,,2026-03-18 14:34:30
,0.5250000000000028,,3400112858984701952,,STOP_CANCELLED,3400112858984701952,465.25625,active,,BCH-USDT-SWAP,,,,,,68.19,replace:unit_added,,,,short,,464.944064440045,,20260318_143016_BCH-USDT-SWAP_short,,2026-03-18 14:34:46
,0.5250000000000028,,,464.97086083003376,STOP_REJECTED,,0.0,rejected_market_crossed,,BCH-USDT-SWAP,,,,,place_stop,68.19,market_already_crossed_stop,464.944064440045,,,short,,464.944064440045,,20260318_143016_BCH-USDT-SWAP_short,,2026-03-18 14:34:49
,0.5250000000000028,,,464.97086083003376,LOCAL_PROTECTIVE_EXIT,,0.0,local_protective_exit_pending,,BCH-USDT-SWAP,,,,,,68.19,market_already_crossed_stop,464.944064440045,"{'code': 'LOCAL', 'msg': 'market_already_crossed_stop'}",,short,,464.944064440045,,20260318_143016_BCH-USDT-SWAP_short,,2026-03-18 14:34:49
,0.2675000000000011,,3400110828975120384,,STOP_CANCELLED,3400110828975120384,118.47,active,,AAVE-USDT-SWAP,,,,,,148.8,replace:unit_added,,,,short,,117.85912499999999,,20260318_143315_AAVE-USDT-SWAP_short,,2026-03-18 14:34:56
,0.2675000000000011,1,,,STOP_PLACED,3400114198746062848,117.85912499999999,active,,AAVE-USDT-SWAP,,,,,,148.8,unit_added,117.85912499999999,,0,short,,117.85912499999999,,20260318_143315_AAVE-USDT-SWAP_short,,2026-03-18 14:34:59
,0.2675000000000011,,,117.805,STOP_MOVED,3400114198746062848,117.85912499999999,active,,AAVE-USDT-SWAP,,117.85912499999999,118.47,118.47,,148.8,unit_added,,,,short,,117.85912499999999,,20260318_143315_AAVE-USDT-SWAP_short,,2026-03-18 14:34:59
,0.00043450000000000015,,3400112338454798336,,STOP_CANCELLED,3400112338454798336,0.17275,active,,XLM-USDT-SWAP,,,,,,117.74,replace:unit_added,,,,short,,0.17172383428316643,,20260318_143400_XLM-USDT-SWAP_short,,2026-03-18 14:35:04
,0.00043450000000000015,1,,,STOP_PLACED,3400114466007113728,0.17172383428316643,active,,XLM-USDT-SWAP,,,,,,117.74,unit_added,0.17172383428316643,,0,short,,0.17172383428316643,,20260318_143400_XLM-USDT-SWAP_short,,2026-03-18 14:35:07
,0.00043450000000000015,,,0.1716076872770513,STOP_MOVED,3400114466007113728,0.17172383428316643,active,,XLM-USDT-SWAP,,0.17172383428316643,0.17275,0.17275,,117.74,unit_added,,,,short,,0.17172383428316643,,20260318_143400_XLM-USDT-SWAP_short,,2026-03-18 14:35:07
,0.003105000000000001,1,,,STOP_PLACED,3400115012776583168,0.08791,active,,2Z-USDT-SWAP,,,,,,1097.0,initial_turtle_stop,0.08791,,0,short,,0.08791,,20260318_143520_2Z-USDT-SWAP_short,,2026-03-18 14:35:23
place_missing_stop,0.6350000000000022,,,462.9,STOP_MISSING,,0.0,local_protective_exit_pending,,BCH-USDT-SWAP,,,,,,68.19,manage_open_positions,,,,short,,464.944064440045,,20260318_143016_BCH-USDT-SWAP_short,,2026-03-18 14:35:30
,0.6350000000000022,1,,,STOP_PLACED,3400115365500772352,464.944064440045,active,,BCH-USDT-SWAP,,,,,,68.19,missing_stop_recovery,464.944064440045,,0,short,,464.944064440045,,20260318_143016_BCH-USDT-SWAP_short,,2026-03-18 14:35:34
,0.6350000000000022,,3400115365500772352,,STOP_CANCELLED,3400115365500772352,464.944064440045,active,,BCH-USDT-SWAP,,,,,,90.92,replace:unit_added,,,,short,,463.69374999999997,,20260318_143016_BCH-USDT-SWAP_short,,2026-03-18 14:35:35
,0.6350000000000022,,,464.5281456225253,STOP_REJECTED,,0.0,rejected_market_crossed,,BCH-USDT-SWAP,,,,,place_stop,90.92,market_already_crossed_stop,463.69374999999997,,,short,,463.69374999999997,,20260318_143016_BCH-USDT-SWAP_short,,2026-03-18 14:35:38
,0.6350000000000022,,,464.5281456225253,LOCAL_PROTECTIVE_EXIT,,0.0,local_protective_exit_pending,,BCH-USDT-SWAP,,,,,,90.92,market_already_crossed_stop,463.69374999999997,"{'code': 'LOCAL', 'msg': 'market_already_crossed_stop'}",,short,,463.69374999999997,,20260318_143016_BCH-USDT-SWAP_short,,2026-03-18 14:35:38
place_missing_stop,0.0002915000000000015,,,0.1328,STOP_MISSING,,0.0,local_protective_exit_pending,,OP-USDT-SWAP,,,,,,15198.0,manage_open_positions,,,,short,,0.13390875000000002,,20260318_143030_OP-USDT-SWAP_short,,2026-03-18 14:35:44
,0.0002915000000000015,1,,,STOP_PLACED,3400115833517989888,0.13390875000000002,active,,OP-USDT-SWAP,,,,,,15198.0,missing_stop_recovery,0.13390875000000002,,0,short,,0.13390875000000002,,20260318_143030_OP-USDT-SWAP_short,,2026-03-18 14:35:48
,0.0002915000000000015,,3400115833517989888,,STOP_CANCELLED,3400115833517989888,0.13390875000000002,active,,OP-USDT-SWAP,,,,,,22797.0,replace:unit_added,,,,short,,0.133164375,,20260318_143030_OP-USDT-SWAP_short,,2026-03-18 14:35:49
,0.0002915000000000015,,,0.1335659468351103,STOP_REJECTED,,0.0,rejected_market_crossed,,OP-USDT-SWAP,,,,,place_stop,22797.0,market_already_crossed_stop,0.133164375,,,short,,0.133164375,,20260318_143030_OP-USDT-SWAP_short,,2026-03-18 14:35:52
,0.0002915000000000015,,,0.1335659468351103,LOCAL_PROTECTIVE_EXIT,,0.0,local_protective_exit_pending,,OP-USDT-SWAP,,,,,,22797.0,market_already_crossed_stop,0.133164375,"{'code': 'LOCAL', 'msg': 'market_already_crossed_stop'}",,short,,0.133164375,,20260318_143030_OP-USDT-SWAP_short,,2026-03-18 14:35:52
,0.38050000000000067,,3400114198746062848,,STOP_CANCELLED,3400114198746062848,117.85,active,,AAVE-USDT-SWAP,,,,,,223.2,replace:unit_added,,,,short,,117.65460277777781,,20260318_143315_AAVE-USDT-SWAP_short,,2026-03-18 14:35:57
,0.38050000000000067,,,117.75333333333333,STOP_REJECTED,,0.0,rejected_market_crossed,,AAVE-USDT-SWAP,,,,,place_stop,223.2,market_already_crossed_stop,117.65460277777781,,,short,,117.65460277777781,,20260318_143315_AAVE-USDT-SWAP_short,,2026-03-18 14:35:59
,0.38050000000000067,,,117.75333333333333,LOCAL_PROTECTIVE_EXIT,,0.0,local_protective_exit_pending,,AAVE-USDT-SWAP,,,,,,223.2,market_already_crossed_stop,117.65460277777781,"{'code': 'LOCAL', 'msg': 'market_already_crossed_stop'}",,short,,117.65460277777781,,20260318_143315_AAVE-USDT-SWAP_short,,2026-03-18 14:35:59
,0.0005190000000000014,,3400114466007113728,,STOP_CANCELLED,3400114466007113728,0.17172,active,,XLM-USDT-SWAP,,,,,,176.61,replace:unit_added,,,,short,,0.17138962757960113,,20260318_143400_XLM-USDT-SWAP_short,,2026-03-18 14:36:04
,0.0005190000000000014,,,0.1714984581847009,STOP_REJECTED,,0.0,rejected_market_crossed,,XLM-USDT-SWAP,,,,,place_stop,176.61,market_already_crossed_stop,0.17138962757960113,,,short,,0.17138962757960113,,20260318_143400_XLM-USDT-SWAP_short,,2026-03-18 14:36:07
,0.0005190000000000014,,,0.1714984581847009,LOCAL_PROTECTIVE_EXIT,,0.0,local_protective_exit_pending,,XLM-USDT-SWAP,,,,,,176.61,market_already_crossed_stop,0.17138962757960113,"{'code': 'LOCAL', 'msg': 'market_already_crossed_stop'}",,short,,0.17138962757960113,,20260318_143400_XLM-USDT-SWAP_short,,2026-03-18 14:36:07
,0.00013100000000000056,,3400104651805515776,,STOP_CANCELLED,3400104651805515776,0.06128,active,,MINA-USDT-SWAP,,,,,,35086.0,replace:unit_added,,,,short,,0.06073375,,20260318_143011_MINA-USDT-SWAP_short,,2026-03-18 14:36:25
,0.00013100000000000056,,,0.0607356005244263,STOP_REJECTED,,0.0,rejected_market_crossed,,MINA-USDT-SWAP,,,,,place_stop,35086.0,market_already_crossed_stop,0.06073375,,,short,,0.06073375,,20260318_143011_MINA-USDT-SWAP_short,,2026-03-18 14:36:27
,0.00013100000000000056,,,0.0607356005244263,LOCAL_PROTECTIVE_EXIT,,0.0,local_protective_exit_pending,,MINA-USDT-SWAP,,,,,,35086.0,market_already_crossed_stop,0.06073375,"{'code': 'LOCAL', 'msg': 'market_already_crossed_stop'}",,short,,0.06073375,,20260318_143011_MINA-USDT-SWAP_short,,2026-03-18 14:36:27
place_missing_stop,0.6350000000000022,,,463.1,STOP_MISSING,,0.0,local_protective_exit_pending,,BCH-USDT-SWAP,,,,,,90.92,manage_open_positions,,,,short,,463.69374999999997,,20260318_143016_BCH-USDT-SWAP_short,,2026-03-18 14:36:29
,0.6350000000000022,1,,,STOP_PLACED,3400117313234886656,463.69374999999997,active,,BCH-USDT-SWAP,,,,,,90.92,missing_stop_recovery,463.69374999999997,,0,short,,463.69374999999997,,20260318_143016_BCH-USDT-SWAP_short,,2026-03-18 14:36:32
,0.0024500000000000077,,3400104961680695296,,STOP_CANCELLED,3400104961680695296,1.628,active,,DOT-USDT-SWAP,,,,,,1290.4,replace:unit_added,,,,short,,1.6150625,,20260318_143020_DOT-USDT-SWAP_short,,2026-03-18 14:36:35
,0.0024500000000000077,1,,,STOP_PLACED,3400117506978177024,1.6150625,active,,DOT-USDT-SWAP,,,,,,1290.4,unit_added,1.6150625,,0,short,,1.6150625,,20260318_143020_DOT-USDT-SWAP_short,,2026-03-18 14:36:37
,0.0024500000000000077,,,1.614,STOP_MOVED,3400117506978177024,1.6150625,active,,DOT-USDT-SWAP,,1.6150625,1.628,1.628,,1290.4,unit_added,,,,short,,1.6150625,,20260318_143020_DOT-USDT-SWAP_short,,2026-03-18 14:36:37
place_missing_stop,0.0002915000000000015,,,0.1324,STOP_MISSING,,0.0,local_protective_exit_pending,,OP-USDT-SWAP,,,,,,22797.0,manage_open_positions,,,,short,,0.133164375,,20260318_143030_OP-USDT-SWAP_short,,2026-03-18 14:36:40
,0.0002915000000000015,1,,,STOP_PLACED,3400117683977805824,0.133164375,active,,OP-USDT-SWAP,,,,,,22797.0,missing_stop_recovery,0.133164375,,0,short,,0.133164375,,20260318_143030_OP-USDT-SWAP_short,,2026-03-18 14:36:43
,0.0002915000000000015,,3400117683977805824,,STOP_CANCELLED,3400117683977805824,0.133164375,active,,OP-USDT-SWAP,,,,,,30396.0,replace:unit_added,,,,short,,0.132764375,,20260318_143030_OP-USDT-SWAP_short,,2026-03-18 14:36:43
,0.0002915000000000015,,,0.1332494798657722,STOP_REJECTED,,0.0,rejected_market_crossed,,OP-USDT-SWAP,,,,,place_stop,30396.0,market_already_crossed_stop,0.132764375,,,short,,0.132764375,,20260318_143030_OP-USDT-SWAP_short,,2026-03-18 14:36:45
,0.0002915000000000015,,,0.1332494798657722,LOCAL_PROTECTIVE_EXIT,,0.0,local_protective_exit_pending,,OP-USDT-SWAP,,,,,,30396.0,market_already_crossed_stop,0.132764375,"{'code': 'LOCAL', 'msg': 'market_already_crossed_stop'}",,short,,0.132764375,,20260318_143030_OP-USDT-SWAP_short,,2026-03-18 14:36:45
place_missing_stop,0.38050000000000067,,,117.65,STOP_MISSING,,0.0,local_protective_exit_pending,,AAVE-USDT-SWAP,,,,,,223.2,manage_open_positions,,,,short,,117.65460277777781,,20260318_143315_AAVE-USDT-SWAP_short,,2026-03-18 14:36:48
,0.38050000000000067,1,,,STOP_PLACED,3400117934662967296,117.65460277777781,active,,AAVE-USDT-SWAP,,,,,,223.2,missing_stop_recovery,117.65460277777781,,0,short,,117.65460277777781,,20260318_143315_AAVE-USDT-SWAP_short,,2026-03-18 14:36:50
place_missing_stop,0.0005190000000000014,,,0.17112,STOP_MISSING,,0.0,local_protective_exit_pending,,XLM-USDT-SWAP,,,,,,176.61,manage_open_positions,,,,short,,0.17138962757960113,,20260318_143400_XLM-USDT-SWAP_short,,2026-03-18 14:36:53
,0.0005190000000000014,1,,,STOP_PLACED,3400118104884600832,0.17138962757960113,active,,XLM-USDT-SWAP,,,,,,176.61,missing_stop_recovery,0.17138962757960113,,0,short,,0.17138962757960113,,20260318_143400_XLM-USDT-SWAP_short,,2026-03-18 14:36:55
,0.0005190000000000014,,3400118104884600832,,STOP_CANCELLED,3400118104884600832,0.17138962757960113,active,,XLM-USDT-SWAP,,,,,,235.48,replace:unit_added,,,,short,,0.1711090045481571,,20260318_143400_XLM-USDT-SWAP_short,,2026-03-18 14:36:56
,0.0005190000000000014,,,0.1713938436385257,STOP_REJECTED,,0.0,rejected_market_crossed,,XLM-USDT-SWAP,,,,,place_stop,235.48,market_already_crossed_stop,0.1711090045481571,,,short,,0.1711090045481571,,20260318_143400_XLM-USDT-SWAP_short,,2026-03-18 14:36:58
,0.0005190000000000014,,,0.1713938436385257,LOCAL_PROTECTIVE_EXIT,,0.0,local_protective_exit_pending,,XLM-USDT-SWAP,,,,,,235.48,market_already_crossed_stop,0.1711090045481571,"{'code': 'LOCAL', 'msg': 'market_already_crossed_stop'}",,short,,0.1711090045481571,,20260318_143400_XLM-USDT-SWAP_short,,2026-03-18 14:36:58
place_missing_stop,0.00013100000000000056,,,0.06048,STOP_MISSING,,0.0,local_protective_exit_pending,,MINA-USDT-SWAP,,,,,,35086.0,manage_open_positions,,,,short,,0.06073375,,20260318_143011_MINA-USDT-SWAP_short,,2026-03-18 14:37:14
,0.00013100000000000056,1,,,STOP_PLACED,3400118788254162944,0.06073375,active,,MINA-USDT-SWAP,,,,,,35086.0,missing_stop_recovery,0.06073375,,0,short,,0.06073375,,20260318_143011_MINA-USDT-SWAP_short,,2026-03-18 14:37:16
,0.00013100000000000056,,3400118788254162944,,STOP_CANCELLED,3400118788254162944,0.06073375,active,,MINA-USDT-SWAP,,,,,,52629.0,replace:unit_added,,,,short,,0.060643749999999996,,20260318_143011_MINA-USDT-SWAP_short,,2026-03-18 14:37:17
,0.00013100000000000056,1,,,STOP_PLACED,3400118887910825984,0.060643749999999996,active,,MINA-USDT-SWAP,,,,,,52629.0,unit_added,0.060643749999999996,,0,short,,0.060643749999999996,,20260318_143011_MINA-USDT-SWAP_short,,2026-03-18 14:37:19
,0.00013100000000000056,,,0.0606337340629695,STOP_MOVED,3400118887910825984,0.060643749999999996,active,,MINA-USDT-SWAP,,0.060643749999999996,0.06073375,0.06073375,,52629.0,unit_added,,,,short,,0.060643749999999996,,20260318_143011_MINA-USDT-SWAP_short,,2026-03-18 14:37:19
,0.0024500000000000077,,3400117506978177024,,STOP_CANCELLED,3400117506978177024,1.615,active,,DOT-USDT-SWAP,,,,,,1290.4,replace:unit_added,,,,short,,1.5830625,,20260318_143020_DOT-USDT-SWAP_short,,2026-03-18 14:37:22
,0.0024500000000000077,,,1.614,STOP_REJECTED,,0.0,rejected_market_crossed,,DOT-USDT-SWAP,,,,,place_stop,1290.4,market_already_crossed_stop,1.5830625,,,short,,1.5830625,,20260318_143020_DOT-USDT-SWAP_short,,2026-03-18 14:37:24
,0.0024500000000000077,,,1.614,LOCAL_PROTECTIVE_EXIT,,0.0,local_protective_exit_pending,,DOT-USDT-SWAP,,,,,,1290.4,market_already_crossed_stop,1.5830625,"{'code': 'LOCAL', 'msg': 'market_already_crossed_stop'}",,short,,1.5830625,,20260318_143020_DOT-USDT-SWAP_short,,2026-03-18 14:37:24
place_missing_stop,0.0002915000000000015,,,0.13208,STOP_MISSING,,0.0,local_protective_exit_pending,,OP-USDT-SWAP,,,,,,30396.0,manage_open_positions,,,,short,,0.132764375,,20260318_143030_OP-USDT-SWAP_short,,2026-03-18 14:37:27
,0.0002915000000000015,1,,,STOP_PLACED,3400119252513284096,0.132764375,active,,OP-USDT-SWAP,,,,,,30396.0,missing_stop_recovery,0.132764375,,0,short,,0.132764375,,20260318_143030_OP-USDT-SWAP_short,,2026-03-18 14:37:30
place_missing_stop,0.0005190000000000014,,,0.17083,STOP_MISSING,,0.0,local_protective_exit_pending,,XLM-USDT-SWAP,,,,,,235.48,manage_open_positions,,,,short,,0.1711090045481571,,20260318_143400_XLM-USDT-SWAP_short,,2026-03-18 14:37:32
,0.0005190000000000014,1,,,STOP_PLACED,3400119428103626752,0.1711090045481571,active,,XLM-USDT-SWAP,,,,,,235.48,missing_stop_recovery,0.1711090045481571,,0,short,,0.1711090045481571,,20260318_143400_XLM-USDT-SWAP_short,,2026-03-18 14:37:35
,0.00013100000000000056,,3400118887910825984,,STOP_CANCELLED,3400118887910825984,0.06064,active,,MINA-USDT-SWAP,,,,,,70172.0,replace:unit_added,,,,short,,0.06052930068403393,,20260318_143011_MINA-USDT-SWAP_short,,2026-03-18 14:37:52
,0.00013100000000000056,,,0.0605828005472272,STOP_REJECTED,,0.0,rejected_market_crossed,,MINA-USDT-SWAP,,,,,place_stop,70172.0,market_already_crossed_stop,0.06052930068403393,,,short,,0.06052930068403393,,20260318_143011_MINA-USDT-SWAP_short,,2026-03-18 14:37:54
,0.00013100000000000056,,,0.0605828005472272,LOCAL_PROTECTIVE_EXIT,,0.0,local_protective_exit_pending,,MINA-USDT-SWAP,,,,,,70172.0,market_already_crossed_stop,0.06052930068403393,"{'code': 'LOCAL', 'msg': 'market_already_crossed_stop'}",,short,,0.06052930068403393,,20260318_143011_MINA-USDT-SWAP_short,,2026-03-18 14:37:54
place_missing_stop,0.0024500000000000077,,,1.59,STOP_MISSING,,0.0,local_protective_exit_pending,,DOT-USDT-SWAP,,,,,,1935.6,manage_open_positions,,,,short,,1.5830625,,20260318_143020_DOT-USDT-SWAP_short,,2026-03-18 14:37:57
,0.0024500000000000077,,,1.59,STOP_REJECTED,,0.0,rejected_market_crossed,,DOT-USDT-SWAP,,,,,place_stop,1935.6,market_already_crossed_stop,1.5830625,,,short,,1.5830625,,20260318_143020_DOT-USDT-SWAP_short,,2026-03-18 14:37:59
,0.0024500000000000077,,,1.59,LOCAL_PROTECTIVE_EXIT,,0.0,local_protective_exit_pending,,DOT-USDT-SWAP,,,,,,1935.6,market_already_crossed_stop,1.5830625,"{'code': 'LOCAL', 'msg': 'market_already_crossed_stop'}",,short,,1.5830625,,20260318_143020_DOT-USDT-SWAP_short,,2026-03-18 14:37:59
,0.0024500000000000077,,,,LOCAL_PROTECTIVE_EXIT_TRIGGERED,,0.0,local_protective_exit_pending,1.59,DOT-USDT-SWAP,market_already_crossed_stop,,,,,1935.6,,,,,short,-0.006937500000000041,1.5830625,,20260318_143020_DOT-USDT-SWAP_short,1.5830625,2026-03-18 14:37:59
,0.38050000000000067,,3400117934662967296,,STOP_CANCELLED,3400117934662967296,117.65,active,,AAVE-USDT-SWAP,,,,,,297.6,replace:unit_added,,,,short,,117.45177499999998,,20260318_143315_AAVE-USDT-SWAP_short,,2026-03-18 14:38:06
,0.38050000000000067,,,117.6125,STOP_REJECTED,,0.0,rejected_market_crossed,,AAVE-USDT-SWAP,,,,,place_stop,297.6,market_already_crossed_stop,117.45177499999998,,,short,,117.45177499999998,,20260318_143315_AAVE-USDT-SWAP_short,,2026-03-18 14:38:08
,0.38050000000000067,,,117.6125,LOCAL_PROTECTIVE_EXIT,,0.0,local_protective_exit_pending,,AAVE-USDT-SWAP,,,,,,297.6,market_already_crossed_stop,117.45177499999998,"{'code': 'LOCAL', 'msg': 'market_already_crossed_stop'}",,short,,117.45177499999998,,20260318_143315_AAVE-USDT-SWAP_short,,2026-03-18 14:38:08
place_missing_stop,0.00013100000000000056,,,0.06043,STOP_MISSING,,0.0,local_protective_exit_pending,,MINA-USDT-SWAP,,,,,,70172.0,manage_open_positions,,,,short,,0.06052930068403393,,20260318_143011_MINA-USDT-SWAP_short,,2026-03-18 14:38:27
,0.00013100000000000056,1,,,STOP_PLACED,3400121264537690112,0.06052930068403393,active,,MINA-USDT-SWAP,,,,,,70172.0,missing_stop_recovery,0.06052930068403393,,0,short,,0.06052930068403393,,20260318_143011_MINA-USDT-SWAP_short,,2026-03-18 14:38:29
,0.14499999999999957,,3400112493409165312,,STOP_CANCELLED,3400112493409165312,57.49,active,,LTC-USDT-SWAP,,,,,,34.2,replace:unit_added,,,,short,,56.82125,,20260318_143405_LTC-USDT-SWAP_short,,2026-03-18 14:38:33
,0.14499999999999957,,,56.97017543859649,STOP_REJECTED,,0.0,rejected_market_crossed,,LTC-USDT-SWAP,,,,,place_stop,34.2,market_already_crossed_stop,56.82125,,,short,,56.82125,,20260318_143405_LTC-USDT-SWAP_short,,2026-03-18 14:38:35
,0.14499999999999957,,,56.97017543859649,LOCAL_PROTECTIVE_EXIT,,0.0,local_protective_exit_pending,,LTC-USDT-SWAP,,,,,,34.2,market_already_crossed_stop,56.82125,"{'code': 'LOCAL', 'msg': 'market_already_crossed_stop'}",,short,,56.82125,,20260318_143405_LTC-USDT-SWAP_short,,2026-03-18 14:38:35
place_missing_stop,0.38050000000000067,,,117.14,STOP_MISSING,,0.0,local_protective_exit_pending,,AAVE-USDT-SWAP,,,,,,297.6,manage_open_positions,,,,short,,117.45177499999998,,20260318_143315_AAVE-USDT-SWAP_short,,2026-03-18 14:38:51
,0.38050000000000067,1,,,STOP_PLACED,3400122046725054464,117.45177499999998,active,,AAVE-USDT-SWAP,,,,,,297.6,missing_stop_recovery,117.45177499999998,,0,short,,117.45177499999998,,20260318_143315_AAVE-USDT-SWAP_short,,2026-03-18 14:38:53
place_missing_stop,0.14499999999999957,,,56.58,STOP_MISSING,,0.0,local_protective_exit_pending,,LTC-USDT-SWAP,,,,,,34.2,manage_open_positions,,,,short,,56.82125,,20260318_143405_LTC-USDT-SWAP_short,,2026-03-18 14:39:15
,0.14499999999999957,1,,,STOP_PLACED,3400122874110238720,56.82125,active,,LTC-USDT-SWAP,,,,,,34.2,missing_stop_recovery,56.82125,,0,short,,56.82125,,20260318_143405_LTC-USDT-SWAP_short,,2026-03-18 14:39:17
,0.14499999999999957,,3400122874110238720,,STOP_CANCELLED,3400122874110238720,56.82125,active,,LTC-USDT-SWAP,,,,,,51.3,replace:unit_added,,,,short,,56.61125,,20260318_143405_LTC-USDT-SWAP_short,,2026-03-18 14:39:18
,0.14499999999999957,,,56.86680311890838,STOP_REJECTED,,0.0,rejected_market_crossed,,LTC-USDT-SWAP,,,,,place_stop,51.3,market_already_crossed_stop,56.61125,,,short,,56.61125,,20260318_143405_LTC-USDT-SWAP_short,,2026-03-18 14:39:20
,0.14499999999999957,,,56.86680311890838,LOCAL_PROTECTIVE_EXIT,,0.0,local_protective_exit_pending,,LTC-USDT-SWAP,,,,,,51.3,market_already_crossed_stop,56.61125,"{'code': 'LOCAL', 'msg': 'market_already_crossed_stop'}",,short,,56.61125,,20260318_143405_LTC-USDT-SWAP_short,,2026-03-18 14:39:20
place_missing_stop,0.14499999999999957,,,56.8,STOP_MISSING,,0.0,local_protective_exit_pending,,LTC-USDT-SWAP,,,,,,51.3,manage_open_positions,,,,short,,56.61125,,20260318_143405_LTC-USDT-SWAP_short,,2026-03-18 14:40:02
,0.14499999999999957,,,56.8,STOP_REJECTED,,0.0,rejected_market_crossed,,LTC-USDT-SWAP,,,,,place_stop,51.3,market_already_crossed_stop,56.61125,,,short,,56.61125,,20260318_143405_LTC-USDT-SWAP_short,,2026-03-18 14:40:05
,0.14499999999999957,,,56.8,LOCAL_PROTECTIVE_EXIT,,0.0,local_protective_exit_pending,,LTC-USDT-SWAP,,,,,,51.3,market_already_crossed_stop,56.61125,"{'code': 'LOCAL', 'msg': 'market_already_crossed_stop'}",,short,,56.61125,,20260318_143405_LTC-USDT-SWAP_short,,2026-03-18 14:40:05
,0.14499999999999957,,,,LOCAL_PROTECTIVE_EXIT_TRIGGERED,,0.0,local_protective_exit_pending,56.8,LTC-USDT-SWAP,market_already_crossed_stop,,,,,51.3,,,,,short,-0.18874999999999886,56.61125,,20260318_143405_LTC-USDT-SWAP_short,56.61125,2026-03-18 14:40:05
,0.413000000000001,,,,STOP_TRIGGERED,3400122046725054464,117.45,active,117.52,AAVE-USDT-SWAP,,,,,,297.6,,,,,short,-0.06999999999999318,117.45177499999998,,20260318_143315_AAVE-USDT-SWAP_short,117.45,2026-03-18 14:41:16
,0.413000000000001,,,,STOP_ERROR,3400122046725054464,117.45,active,,AAVE-USDT-SWAP,,,,,cancel_stop,297.6,pre_close:ATR стоп 2.0N,,"{'code': '1', 'data': [{'algoClOrdId': '', 'algoId': '3400122046725054464', 'clOrdId': '', 'sCode': '51400', 'sMsg': 'Order cancellation failed as the order has been filled, canceled or does not exist.', 'tag': ''}], 'msg': ''}",,short,,117.45177499999998,,20260318_143315_AAVE-USDT-SWAP_short,,2026-03-18 14:41:17
,0.0005545000000000008,,,,STOP_TRIGGERED,3400119428103626752,0.1711,active,0.17124,XLM-USDT-SWAP,,,,,,235.48,,,,,short,-0.00014000000000000123,0.1711090045481571,,20260318_143400_XLM-USDT-SWAP_short,0.1711,2026-03-18 14:41:19
,0.0005545000000000008,,,,STOP_ERROR,3400119428103626752,0.1711,active,,XLM-USDT-SWAP,,,,,cancel_stop,235.48,pre_close:ATR стоп 2.0N,,"{'code': '1', 'data': [{'algoClOrdId': '', 'algoId': '3400119428103626752', 'clOrdId': '', 'sCode': '51400', 'sMsg': 'Order cancellation failed as the order has been filled, canceled or does not exist.', 'tag': ''}], 'msg': ''}",,short,,0.1711090045481571,,20260318_143400_XLM-USDT-SWAP_short,,2026-03-18 14:41:19
,0.00038699999999999987,,3400119252513284096,,STOP_CANCELLED,3400119252513284096,0.13276,active,,OP-USDT-SWAP,,,,,,30396.0,replace:turtle_trailing_update,,,,short,,0.1316038117449672,,20260318_143030_OP-USDT-SWAP_short,,2026-03-18 14:45:01
,0.00038699999999999987,,,0.13208,STOP_REJECTED,,0.0,rejected_market_crossed,,OP-USDT-SWAP,,,,,place_stop,30396.0,market_already_crossed_stop,0.1316038117449672,,,short,,0.1316038117449672,,20260318_143030_OP-USDT-SWAP_short,,2026-03-18 14:45:04
,0.00038699999999999987,,,0.13208,LOCAL_PROTECTIVE_EXIT,,0.0,local_protective_exit_pending,,OP-USDT-SWAP,,,,,,30396.0,market_already_crossed_stop,0.1316038117449672,"{'code': 'LOCAL', 'msg': 'market_already_crossed_stop'}",,short,,0.1316038117449672,,20260318_143030_OP-USDT-SWAP_short,,2026-03-18 14:45:04
,0.00038699999999999987,,,,LOCAL_PROTECTIVE_EXIT_TRIGGERED,,0.0,local_protective_exit_pending,0.13208,OP-USDT-SWAP,market_already_crossed_stop,,,,,30396.0,,,,,short,-0.0004761882550328167,0.1316038117449672,,20260318_143030_OP-USDT-SWAP_short,0.1316038117449672,2026-03-18 14:45:04
,0.00016250000000000048,,3400121264537690112,,STOP_CANCELLED,3400121264537690112,0.06052,active,,MINA-USDT-SWAP,,,,,,70172.0,replace:turtle_trailing_update,,,,short,,0.060375,,20260318_143011_MINA-USDT-SWAP_short,,2026-03-18 14:45:19
,0.00016250000000000048,1,,,STOP_PLACED,3400135098761568256,0.060375,active,,MINA-USDT-SWAP,,,,,,70172.0,turtle_trailing_update,0.060375,,0,short,,0.060375,,20260318_143011_MINA-USDT-SWAP_short,,2026-03-18 14:45:22
,0.00016250000000000048,,,0.06021,STOP_MOVED,3400135098761568256,0.060375,active,,MINA-USDT-SWAP,,0.060375,0.06052,0.06052930068403393,,70172.0,turtle_trailing_update,,,,short,,0.060375,,20260318_143011_MINA-USDT-SWAP_short,,2026-03-18 14:45:22
,0.00016250000000000048,,3400135098761568256,,STOP_CANCELLED,3400135098761568256,0.06037,active,,MINA-USDT-SWAP,,,,,,70172.0,replace:turtle_trailing_update,,,,short,,0.060335,,20260318_143011_MINA-USDT-SWAP_short,,2026-03-18 14:47:35
,0.00016250000000000048,1,,,STOP_PLACED,3400139635354329088,0.060335,active,,MINA-USDT-SWAP,,,,,,70172.0,turtle_trailing_update,0.060335,,0,short,,0.060335,,20260318_143011_MINA-USDT-SWAP_short,,2026-03-18 14:47:37
,0.00016250000000000048,,,0.06014,STOP_MOVED,3400139635354329088,0.060335,active,,MINA-USDT-SWAP,,0.060335,0.06037,0.060375,,70172.0,turtle_trailing_update,,,,short,,0.060335,,20260318_143011_MINA-USDT-SWAP_short,,2026-03-18 14:47:37
,0.00016250000000000048,,,0.06012,STOP_MOVE_SKIPPED,3400139635354329088,0.06033,active,,MINA-USDT-SWAP,,,0.06033,,,70172.0,below_move_threshold,0.060315,,,short,,0.060315,2.437500000000007e-05,20260318_143011_MINA-USDT-SWAP_short,,2026-03-18 14:49:01
,0.00016250000000000048,,3400139635354329088,,STOP_CANCELLED,3400139635354329088,0.06033,active,,MINA-USDT-SWAP,,,,,,70172.0,replace:turtle_trailing_update,,,,short,,0.060285,,20260318_143011_MINA-USDT-SWAP_short,,2026-03-18 14:49:47
,0.00016250000000000048,1,,,STOP_PLACED,3400144075746533376,0.060285,active,,MINA-USDT-SWAP,,,,,,70172.0,turtle_trailing_update,0.060285,,0,short,,0.060285,,20260318_143011_MINA-USDT-SWAP_short,,2026-03-18 14:49:49
,0.00016250000000000048,,,0.06009,STOP_MOVED,3400144075746533376,0.060285,active,,MINA-USDT-SWAP,,0.060285,0.06033,0.060315,,70172.0,turtle_trailing_update,,,,short,,0.060285,,20260318_143011_MINA-USDT-SWAP_short,,2026-03-18 14:49:49
,0.00016250000000000048,,,0.06007,STOP_MOVE_SKIPPED,3400144075746533376,0.060285,active,,MINA-USDT-SWAP,,,0.060285,,,70172.0,below_move_threshold,0.060265,,,short,,0.060265,2.437500000000007e-05,20260318_143011_MINA-USDT-SWAP_short,,2026-03-18 14:49:58
,0.0031299999999999995,,3400115012776583168,,STOP_CANCELLED,3400115012776583168,0.0879,active,,2Z-USDT-SWAP,,,,,,1097.0,replace:turtle_trailing_update,,,,short,,0.0817,,20260318_143520_2Z-USDT-SWAP_short,,2026-03-18 14:50:18
,0.0031299999999999995,,,0.083,STOP_REJECTED,,0.0,rejected_market_crossed,,2Z-USDT-SWAP,,,,,place_stop,1097.0,market_already_crossed_stop,0.0817,,,short,,0.0817,,20260318_143520_2Z-USDT-SWAP_short,,2026-03-18 14:50:19
,0.0031299999999999995,,,0.083,LOCAL_PROTECTIVE_EXIT,,0.0,local_protective_exit_pending,,2Z-USDT-SWAP,,,,,,1097.0,market_already_crossed_stop,0.0817,"{'code': 'LOCAL', 'msg': 'market_already_crossed_stop'}",,short,,0.0817,,20260318_143520_2Z-USDT-SWAP_short,,2026-03-18 14:50:19
,0.0031299999999999995,,,,LOCAL_PROTECTIVE_EXIT_TRIGGERED,,0.0,local_protective_exit_pending,0.083,2Z-USDT-SWAP,market_already_crossed_stop,,,,,1097.0,,,,,short,-0.0013000000000000095,0.0817,,20260318_143520_2Z-USDT-SWAP_short,0.0817,2026-03-18 14:50:19
,0.00015350000000000086,,3400144075746533376,,STOP_CANCELLED,3400144075746533376,0.06028,active,,MINA-USDT-SWAP,,,,,,70172.0,replace:turtle_trailing_update,,,,short,,0.0602142,,20260318_143011_MINA-USDT-SWAP_short,,2026-03-18 15:00:16
,0.00015350000000000086,1,,,STOP_PLACED,3400165159170564096,0.0602142,active,,MINA-USDT-SWAP,,,,,,70172.0,turtle_trailing_update,0.0602142,,0,short,,0.0602142,,20260318_143011_MINA-USDT-SWAP_short,,2026-03-18 15:00:18
,0.00015350000000000086,,,0.06003,STOP_MOVED,3400165159170564096,0.0602142,active,,MINA-USDT-SWAP,,0.0602142,0.06028,0.0602542,,70172.0,turtle_trailing_update,,,,short,,0.0602142,,20260318_143011_MINA-USDT-SWAP_short,,2026-03-18 15:00:18
,0.00015350000000000086,,3400165159170564096,,STOP_CANCELLED,3400165159170564096,0.06021,active,,MINA-USDT-SWAP,,,,,,70172.0,replace:turtle_trailing_update,,,,short,,0.060154200000000005,,20260318_143011_MINA-USDT-SWAP_short,,2026-03-18 15:01:03
,0.00015350000000000086,1,,,STOP_PLACED,3400166766830510080,0.060154200000000005,active,,MINA-USDT-SWAP,,,,,,70172.0,turtle_trailing_update,0.060154200000000005,,0,short,,0.060154200000000005,,20260318_143011_MINA-USDT-SWAP_short,,2026-03-18 15:01:06
,0.00015350000000000086,,,0.05997,STOP_MOVED,3400166766830510080,0.060154200000000005,active,,MINA-USDT-SWAP,,0.060154200000000005,0.06021,0.0602142,,70172.0,turtle_trailing_update,,,,short,,0.060154200000000005,,20260318_143011_MINA-USDT-SWAP_short,,2026-03-18 15:01:06
,0.00015500000000000062,,3400166766830510080,,STOP_CANCELLED,3400166766830510080,0.06015,active,,MINA-USDT-SWAP,,,,,,70172.0,replace:turtle_trailing_update,,,,short,,0.05995081565296744,,20260318_143011_MINA-USDT-SWAP_short,,2026-03-18 15:05:50
,0.00015500000000000062,1,,,STOP_PLACED,3400176396885385216,0.05995081565296744,active,,MINA-USDT-SWAP,,,,,,70172.0,turtle_trailing_update,0.05995081565296744,,0,short,,0.05995081565296744,,20260318_143011_MINA-USDT-SWAP_short,,2026-03-18 15:05:53
,0.00015500000000000062,,,0.05988,STOP_MOVED,3400176396885385216,0.05995081565296744,active,,MINA-USDT-SWAP,,0.05995081565296744,0.06015,0.060146,,70172.0,turtle_trailing_update,,,,short,,0.05995081565296744,,20260318_143011_MINA-USDT-SWAP_short,,2026-03-18 15:05:53
,0.00015500000000000062,1,,,STOP_PLACED,3400183465193594880,0.060092743397493306,active,,MINA-USDT-SWAP,,,,,,17872.0,initial_turtle_stop,0.060092743397493306,,0,short,,0.060092743397493306,,20260318_150920_MINA-USDT-SWAP_short,,2026-03-18 15:09:23
,0.00016750000000000063,,3400183465193594880,,STOP_CANCELLED,3400183465193594880,0.06009,active,,MINA-USDT-SWAP,,,,,,35744.0,replace:unit_added,,,,short,,0.05974618268800365,,20260318_150920_MINA-USDT-SWAP_short,,2026-03-18 15:17:04
,0.00016750000000000063,1,,,STOP_PLACED,3400199023242862592,0.05974618268800365,active,,MINA-USDT-SWAP,,,,,,35744.0,unit_added,0.05974618268800365,,0,short,,0.05974618268800365,,20260318_150920_MINA-USDT-SWAP_short,,2026-03-18 15:17:07
,0.00016750000000000063,,,0.059726371978514,STOP_MOVED,3400199023242862592,0.05974618268800365,active,,MINA-USDT-SWAP,,0.05974618268800365,0.06009,0.06009,,35744.0,unit_added,,,,short,,0.05974618268800365,,20260318_150920_MINA-USDT-SWAP_short,,2026-03-18 15:17:07
,0.00016750000000000063,,3400199023242862592,,STOP_CANCELLED,3400199023242862592,0.05974,active,,MINA-USDT-SWAP,,,,,,53616.0,replace:unit_added,,,,short,,0.059652594536456896,,20260318_150920_MINA-USDT-SWAP_short,,2026-03-18 15:19:26
,0.00016750000000000063,,,0.0596809146523427,STOP_REJECTED,,0.0,rejected_market_crossed,,MINA-USDT-SWAP,,,,,place_stop,53616.0,market_already_crossed_stop,0.059652594536456896,,,short,,0.059652594536456896,,20260318_150920_MINA-USDT-SWAP_short,,2026-03-18 15:19:29
,0.00016750000000000063,,,0.0596809146523427,LOCAL_PROTECTIVE_EXIT,,0.0,local_protective_exit_pending,,MINA-USDT-SWAP,,,,,,53616.0,market_already_crossed_stop,0.059652594536456896,"{'code': 'LOCAL', 'msg': 'market_already_crossed_stop'}",,short,,0.059652594536456896,,20260318_150920_MINA-USDT-SWAP_short,,2026-03-18 15:19:29
place_missing_stop,0.00016750000000000063,,,0.05959,STOP_MISSING,,0.0,local_protective_exit_pending,,MINA-USDT-SWAP,,,,,,53616.0,manage_open_positions,,,,short,,0.059652594536456896,,20260318_150920_MINA-USDT-SWAP_short,,2026-03-18 15:19:59
,0.00016750000000000063,1,,,STOP_PLACED,3400204914562260992,0.059652594536456896,active,,MINA-USDT-SWAP,,,,,,53616.0,missing_stop_recovery,0.059652594536456896,,0,short,,0.059652594536456896,,20260318_150920_MINA-USDT-SWAP_short,,2026-03-18 15:20:03
,0.00016750000000000063,,3400204914562260992,,STOP_CANCELLED,3400204914562260992,0.059652594536456896,active,,MINA-USDT-SWAP,,,,,,71488.0,replace:unit_added,,,,short,,0.05955798255651313,,20260318_150920_MINA-USDT-SWAP_short,,2026-03-18 15:20:04
,0.00016750000000000063,,,0.0596581862690244,STOP_REJECTED,,0.0,rejected_market_crossed,,MINA-USDT-SWAP,,,,,place_stop,71488.0,market_already_crossed_stop,0.05955798255651313,,,short,,0.05955798255651313,,20260318_150920_MINA-USDT-SWAP_short,,2026-03-18 15:20:06
,0.00016750000000000063,,,0.0596581862690244,LOCAL_PROTECTIVE_EXIT,,0.0,local_protective_exit_pending,,MINA-USDT-SWAP,,,,,,71488.0,market_already_crossed_stop,0.05955798255651313,"{'code': 'LOCAL', 'msg': 'market_already_crossed_stop'}",,short,,0.05955798255651313,,20260318_150920_MINA-USDT-SWAP_short,,2026-03-18 15:20:06
,0.00017200000000000098,,,,LOCAL_PROTECTIVE_EXIT_TRIGGERED,,0.0,local_protective_exit_pending,0.05959,MINA-USDT-SWAP,market_already_crossed_stop,,,,,71488.0,,,,,short,-3.2017443486867525e-05,0.05955798255651313,,20260318_150920_MINA-USDT-SWAP_short,0.05955798255651313,2026-03-18 15:20:15
,0.00017200000000000098,1,,,STOP_PLACED,3400205797178040320,0.0599341434289527,active,,MINA-USDT-SWAP,,,,,,17988.0,initial_turtle_stop,0.0599341434289527,,0,short,,0.0599341434289527,,20260318_152026_MINA-USDT-SWAP_short,,2026-03-18 15:20:29
,0.0032999999999999995,1,,,STOP_PLACED,3400225749515718656,0.07880000000000001,active,,2Z-USDT-SWAP,,,,,,1363.0,initial_turtle_stop,0.07880000000000001,,0,long,,0.07880000000000001,,20260318_153020_2Z-USDT-SWAP_long,,2026-03-18 15:30:23
,0.00017100000000000066,,3400205797178040320,,STOP_CANCELLED,3400205797178040320,0.05993,active,,MINA-USDT-SWAP,,,,,,17988.0,replace:turtle_trailing_update,,,,short,,0.0595901434289527,,20260318_152026_MINA-USDT-SWAP_short,,2026-03-18 15:35:01
,0.00017100000000000066,,,0.0597,STOP_REJECTED,,0.0,rejected_market_crossed,,MINA-USDT-SWAP,,,,,place_stop,17988.0,market_already_crossed_stop,0.0595901434289527,,,short,,0.0595901434289527,,20260318_152026_MINA-USDT-SWAP_short,,2026-03-18 15:35:04
,0.00017100000000000066,,,0.0597,LOCAL_PROTECTIVE_EXIT,,0.0,local_protective_exit_pending,,MINA-USDT-SWAP,,,,,,17988.0,market_already_crossed_stop,0.0595901434289527,"{'code': 'LOCAL', 'msg': 'market_already_crossed_stop'}",,short,,0.0595901434289527,,20260318_152026_MINA-USDT-SWAP_short,,2026-03-18 15:35:04
,0.00017100000000000066,,,,LOCAL_PROTECTIVE_EXIT_TRIGGERED,,0.0,local_protective_exit_pending,0.0597,MINA-USDT-SWAP,market_already_crossed_stop,,,,,17988.0,,,,,short,-0.00010985657104730512,0.0595901434289527,,20260318_152026_MINA-USDT-SWAP_short,0.0595901434289527,2026-03-18 15:35:04
,1.2000000000000028,1,,,STOP_PLACED,3400235701860913152,459.1,active,,BCH-USDT-SWAP,,,,,,25.47,initial_turtle_stop,459.1,,0,short,,459.1,,20260318_153517_BCH-USDT-SWAP_short,,2026-03-18 15:35:20
,0.00038500000000000134,1,,,STOP_PLACED,3400235958887862272,0.09672,active,,DOGE-USDT-SWAP,,,,,,11.97,initial_turtle_stop,0.09672,,0,short,,0.09672,,20260318_153521_DOGE-USDT-SWAP_short,,2026-03-18 15:35:28
,0.0033749999999999995,,3400225749515718656,,STOP_CANCELLED,3400225749515718656,0.0788,active,,2Z-USDT-SWAP,,,,,,1363.0,replace:unit_added,,,,long,,0.17116875,,20260318_153020_2Z-USDT-SWAP_long,,2026-03-18 15:38:25
,0.0033749999999999995,,,0.0855,STOP_REJECTED,,0.0,rejected_market_crossed,,2Z-USDT-SWAP,,,,,place_stop,1363.0,market_already_crossed_stop,0.17116875,,,long,,0.17116875,,20260318_153020_2Z-USDT-SWAP_long,,2026-03-18 15:38:28
,0.0033749999999999995,,,0.0855,LOCAL_PROTECTIVE_EXIT,,0.0,local_protective_exit_pending,,2Z-USDT-SWAP,,,,,,1363.0,market_already_crossed_stop,0.17116875,"{'code': 'LOCAL', 'msg': 'market_already_crossed_stop'}",,long,,0.17116875,,20260318_153020_2Z-USDT-SWAP_long,,2026-03-18 15:38:28
,0.0033749999999999995,,,,LOCAL_PROTECTIVE_EXIT_TRIGGERED,,0.0,local_protective_exit_pending,0.0875,2Z-USDT-SWAP,market_already_crossed_stop,,,,,2726.0,,,,,long,-0.08366875000000001,0.17116875,,20260318_153020_2Z-USDT-SWAP_long,0.17116875,2026-03-18 15:38:48
,0.00019450000000000058,1,,,STOP_PLACED,3400245488614985728,0.0597520030479931,active,,MINA-USDT-SWAP,,,,,,19357.0,initial_turtle_stop,0.0597520030479931,,0,short,,0.0597520030479931,,20260318_154009_MINA-USDT-SWAP_short,,2026-03-18 15:40:12
,0.003364999999999999,1,,,STOP_PLACED,3400245620114804736,0.08137,active,,2Z-USDT-SWAP,,,,,,1292.0,initial_turtle_stop,0.08137,,0,long,,0.08137,,20260318_154013_2Z-USDT-SWAP_long,,2026-03-18 15:40:16
,0.0003675000000000005,,3400235958887862272,,STOP_CANCELLED,3400235958887862272,0.09672,active,,DOGE-USDT-SWAP,,,,,,23.94,replace:unit_added,,,,short,,0.09585662499999999,,20260318_153521_DOGE-USDT-SWAP_short,,2026-03-18 15:46:22
,0.0003675000000000005,1,,,STOP_PLACED,3400258029516836864,0.09585662499999999,active,,DOGE-USDT-SWAP,,,,,,23.94,unit_added,0.09585662499999999,,0,short,,0.09585662499999999,,20260318_153521_DOGE-USDT-SWAP_short,,2026-03-18 15:46:26
,0.0003675000000000005,,,0.0958,STOP_MOVED,3400258029516836864,0.09585662499999999,active,,DOGE-USDT-SWAP,,0.09585662499999999,0.09672,0.09672,,23.94,unit_added,,,,short,,0.09585662499999999,,20260318_153521_DOGE-USDT-SWAP_short,,2026-03-18 15:46:26
,0.0001960000000000007,,3400245488614985728,,STOP_CANCELLED,3400245488614985728,0.05975,active,,MINA-USDT-SWAP,,,,,,38714.0,replace:unit_added,,,,short,,0.0593049543524308,,20260318_154009_MINA-USDT-SWAP_short,,2026-03-18 15:48:38
,0.0001960000000000007,1,,,STOP_PLACED,3400262537185677312,0.0593049543524308,active,,MINA-USDT-SWAP,,,,,,38714.0,unit_added,0.0593049543524308,,0,short,,0.0593049543524308,,20260318_154009_MINA-USDT-SWAP_short,,2026-03-18 15:48:40
,0.0001960000000000007,,,0.0592665056568685,STOP_MOVED,3400262537185677312,0.0593049543524308,active,,MINA-USDT-SWAP,,0.0593049543524308,0.05975,0.05975,,38714.0,unit_added,,,,short,,0.0593049543524308,,20260318_154009_MINA-USDT-SWAP_short,,2026-03-18 15:48:40
,1.2450000000000017,,3400235701860913152,,STOP_CANCELLED,3400235701860913152,459.1,active,,BCH-USDT-SWAP,,,,,,25.47,replace:turtle_trailing_update,,,,short,,456.7,,20260318_153517_BCH-USDT-SWAP_short,,2026-03-18 15:50:02
,1.2450000000000017,1,,,STOP_PLACED,3400265387936665600,456.7,active,,BCH-USDT-SWAP,,,,,,25.47,turtle_trailing_update,456.7,,0,short,,456.7,,20260318_153517_BCH-USDT-SWAP_short,,2026-03-18 15:50:05
,1.2450000000000017,,,456.5,STOP_MOVED,3400265387936665600,456.7,active,,BCH-USDT-SWAP,,456.7,459.1,459.1,,25.47,turtle_trailing_update,,,,short,,456.7,,20260318_153517_BCH-USDT-SWAP_short,,2026-03-18 15:50:05
,1.2450000000000017,,3400265387936665600,,STOP_CANCELLED,3400265387936665600,456.7,active,,BCH-USDT-SWAP,,,,,,50.94,replace:unit_added,,,,short,,456.43775000000005,,20260318_153517_BCH-USDT-SWAP_short,,2026-03-18 15:50:47
,1.2450000000000017,1,,,STOP_PLACED,3400266880169365504,456.43775000000005,active,,BCH-USDT-SWAP,,,,,,50.94,unit_added,456.43775000000005,,0,short,,456.43775000000005,,20260318_153517_BCH-USDT-SWAP_short,,2026-03-18 15:50:49
,1.2450000000000017,,,456.3,STOP_MOVED,3400266880169365504,456.43775000000005,active,,BCH-USDT-SWAP,,456.43775000000005,456.7,456.7,,50.94,unit_added,,,,short,,456.43775000000005,,20260318_153517_BCH-USDT-SWAP_short,,2026-03-18 15:50:49
,1.2450000000000017,,,455.9,STOP_MOVE_SKIPPED,3400266880169365504,456.43775000000005,active,,BCH-USDT-SWAP,,,456.43775000000005,,,50.94,below_move_threshold,456.3,,,short,,456.3,0.18675000000000025,20260318_153517_BCH-USDT-SWAP_short,,2026-03-18 15:51:05
,0.002874999999999998,,3400245620114804736,,STOP_CANCELLED,3400245620114804736,0.0813,active,,2Z-USDT-SWAP,,,,,,1292.0,replace:turtle_trailing_update,,,,long,,0.0881,,20260318_154013_2Z-USDT-SWAP_long,,2026-03-18 15:55:11
,0.002874999999999998,,,0.0881,STOP_REJECTED,,0.0,rejected_market_crossed,,2Z-USDT-SWAP,,,,,place_stop,1292.0,market_already_crossed_stop,0.0881,,,long,,0.0881,,20260318_154013_2Z-USDT-SWAP_long,,2026-03-18 15:55:13
,0.002874999999999998,,,0.0881,LOCAL_PROTECTIVE_EXIT,,0.0,local_protective_exit_pending,,2Z-USDT-SWAP,,,,,,1292.0,market_already_crossed_stop,0.0881,"{'code': 'LOCAL', 'msg': 'market_already_crossed_stop'}",,long,,0.0881,,20260318_154013_2Z-USDT-SWAP_long,,2026-03-18 15:55:13
,0.002874999999999998,,,,LOCAL_PROTECTIVE_EXIT_TRIGGERED,,0.0,local_protective_exit_pending,0.0881,2Z-USDT-SWAP,market_already_crossed_stop,,,,,1292.0,,,,,long,0.0,0.0881,,20260318_154013_2Z-USDT-SWAP_long,0.0881,2026-03-18 15:55:13
,1.7650000000000035,1,,,STOP_PLACED,3400296074471362560,457.8553091190108,active,,BCH-USDT-SWAP,,,,,,25.88,initial_turtle_stop,457.8553091190108,,0,short,,457.8553091190108,,20260318_160516_BCH-USDT-SWAP_short,,2026-03-18 16:05:19
,1.4000000000000028,,3400296074471362560,,STOP_CANCELLED,3400296074471362560,457.8,active,,BCH-USDT-SWAP,,,,,,25.88,replace:turtle_trailing_update,,,,short,,454.3253091190108,,20260318_160516_BCH-USDT-SWAP_short,,2026-03-18 16:20:04
,1.4000000000000028,,,455.4,STOP_REJECTED,,0.0,rejected_market_crossed,,BCH-USDT-SWAP,,,,,place_stop,25.88,market_already_crossed_stop,454.3253091190108,,,short,,454.3253091190108,,20260318_160516_BCH-USDT-SWAP_short,,2026-03-18 16:20:06
,1.4000000000000028,,,455.4,LOCAL_PROTECTIVE_EXIT,,0.0,local_protective_exit_pending,,BCH-USDT-SWAP,,,,,,25.88,market_already_crossed_stop,454.3253091190108,"{'code': 'LOCAL', 'msg': 'market_already_crossed_stop'}",,short,,454.3253091190108,,20260318_160516_BCH-USDT-SWAP_short,,2026-03-18 16:20:06
,1.4000000000000028,,,,LOCAL_PROTECTIVE_EXIT_TRIGGERED,,0.0,local_protective_exit_pending,455.4,BCH-USDT-SWAP,market_already_crossed_stop,,,,,25.88,,,,,short,-1.0746908809891806,454.3253091190108,,20260318_160516_BCH-USDT-SWAP_short,454.3253091190108,2026-03-18 16:20:06
,0.00013349999999999959,1,,,STOP_PLACED,3400467228951662592,0.0588387688022285,active,,MINA-USDT-SWAP,,,,,,20104.0,initial_turtle_stop,0.0588387688022285,,0,short,,0.0588387688022285,,20260318_173018_MINA-USDT-SWAP_short,,2026-03-18 17:30:20
