category,extra,message,severity,source,time,title,traceback
logging,"{'logger': 'root', 'level': 'ERROR', 'module': 'market_data_cache', 'funcName': '_run', 'lineno': 114}",Market-data worker fetch failed for HOME-USDT-SWAP: [WinError 10035] Операция на незаблокированном сокете не может быть завершена немедленно,ERROR,logging:root,2026-03-22 19:56:56,Market-data worker fetch failed for HOME-USDT-SWAP: [WinError 10035] Операция на незаблокированном сокете не может быть завершена немедленно,
logging,"{'logger': 'root', 'level': 'WARNING', 'module': 'main_v098', 'funcName': 'scan_markets', 'lineno': 4004}",Entry eval failed for BTC-USDT-SWAP: [WinError 10035] Операция на незаблокированном сокете не может быть завершена немедленно,WARNING,logging:root,2026-03-22 20:01:26,Entry eval failed for BTC-USDT-SWAP: [WinError 10035] Операция на незаблокированном сокете не может быть завершена немедленно,
logging,"{'logger': 'root', 'level': 'ERROR', 'module': 'market_data_cache', 'funcName': '_run', 'lineno': 114}",Market-data worker fetch failed for KAITO-USDT-SWAP: [WinError 10035] Операция на незаблокированном сокете не может быть завершена немедленно,ERROR,logging:root,2026-03-22 20:01:26,Market-data worker fetch failed for KAITO-USDT-SWAP: [WinError 10035] Операция на незаблокированном сокете не может быть завершена немедленно,
logging,"{'logger': 'root', 'level': 'ERROR', 'module': 'market_data_cache', 'funcName': '_run', 'lineno': 114}",Market-data worker fetch failed for FLOKI-USDT-SWAP: [WinError 10035] Операция на незаблокированном сокете не может быть завершена немедленно,ERROR,logging:root,2026-03-22 20:17:23,Market-data worker fetch failed for FLOKI-USDT-SWAP: [WinError 10035] Операция на незаблокированном сокете не может быть завершена немедленно,
logging,"{'logger': 'root', 'level': 'ERROR', 'module': 'market_scanner_runtime', 'funcName': 'refresh_symbol', 'lineno': 212}",Scanner refresh temporary failure for SOL-USDT-SWAP: [WinError 10035] Операция на незаблокированном сокете не может быть завершена немедленно,ERROR,logging:root,2026-03-22 20:17:23,Scanner refresh temporary failure for SOL-USDT-SWAP: [WinError 10035] Операция на незаблокированном сокете не может быть завершена немедленно,
logging,"{'logger': 'root', 'level': 'ERROR', 'module': 'market_data_cache', 'funcName': '_run', 'lineno': 114}",Market-data worker fetch failed for MINA-USDT-SWAP: [WinError 10035] Операция на незаблокированном сокете не может быть завершена немедленно,ERROR,logging:root,2026-03-22 20:29:28,Market-data worker fetch failed for MINA-USDT-SWAP: [WinError 10035] Операция на незаблокированном сокете не может быть завершена немедленно,
logging,"{'logger': 'root', 'level': 'WARNING', 'module': 'main_v098', 'funcName': 'manage_open_positions', 'lineno': 5955}",Manage failed for OP-USDT-SWAP: [WinError 10035] Операция на незаблокированном сокете не может быть завершена немедленно,WARNING,logging:root,2026-03-22 20:29:28,Manage failed for OP-USDT-SWAP: [WinError 10035] Операция на незаблокированном сокете не может быть завершена немедленно,
logging,"{'logger': 'root', 'level': 'ERROR', 'module': 'market_data_cache', 'funcName': '_run', 'lineno': 114}",Market-data worker fetch failed for COAI-USDT-SWAP: [WinError 10035] Операция на незаблокированном сокете не может быть завершена немедленно,ERROR,logging:root,2026-03-22 20:30:11,Market-data worker fetch failed for COAI-USDT-SWAP: [WinError 10035] Операция на незаблокированном сокете не может быть завершена немедленно,
logging,"{'logger': 'root', 'level': 'WARNING', 'module': 'main_v098', 'funcName': 'scan_markets', 'lineno': 4004}",Entry eval failed for DOGE-USDT-SWAP: [WinError 10035] Операция на незаблокированном сокете не может быть завершена немедленно,WARNING,logging:root,2026-03-22 20:30:11,Entry eval failed for DOGE-USDT-SWAP: [WinError 10035] Операция на незаблокированном сокете не может быть завершена немедленно,
logging,"{'logger': 'root', 'level': 'ERROR', 'module': 'market_data_cache', 'funcName': '_run', 'lineno': 114}",Market-data worker fetch failed for SCR-USDT-SWAP: [WinError 10035] Операция на незаблокированном сокете не может быть завершена немедленно,ERROR,logging:root,2026-03-22 20:38:13,Market-data worker fetch failed for SCR-USDT-SWAP: [WinError 10035] Операция на незаблокированном сокете не может быть завершена немедленно,
logging,"{'logger': 'root', 'level': 'WARNING', 'module': 'main_v098', 'funcName': 'scan_markets', 'lineno': 4004}",Entry eval failed for INJ-USDT-SWAP: [WinError 10035] Операция на незаблокированном сокете не может быть завершена немедленно,WARNING,logging:root,2026-03-22 20:49:33,Entry eval failed for INJ-USDT-SWAP: [WinError 10035] Операция на незаблокированном сокете не может быть завершена немедленно,
logging,"{'logger': 'root', 'level': 'ERROR', 'module': 'market_data_cache', 'funcName': '_run', 'lineno': 114}",Market-data worker fetch failed for HBAR-USDT-SWAP: [WinError 10035] Операция на незаблокированном сокете не может быть завершена немедленно,ERROR,logging:root,2026-03-22 20:49:33,Market-data worker fetch failed for HBAR-USDT-SWAP: [WinError 10035] Операция на незаблокированном сокете не может быть завершена немедленно,
logging,"{'logger': 'root', 'level': 'ERROR', 'module': 'market_data_cache', 'funcName': '_run', 'lineno': 114}",Market-data worker fetch failed for SAND-USDT-SWAP: [WinError 10035] Операция на незаблокированном сокете не может быть завершена немедленно,ERROR,logging:root,2026-03-22 21:14:37,Market-data worker fetch failed for SAND-USDT-SWAP: [WinError 10035] Операция на незаблокированном сокете не может быть завершена немедленно,
logging,"{'logger': 'root', 'level': 'WARNING', 'module': 'main_v098', 'funcName': 'manage_open_positions', 'lineno': 5955}",Manage failed for INJ-USDT-SWAP: [WinError 10035] Операция на незаблокированном сокете не может быть завершена немедленно,WARNING,logging:root,2026-03-22 21:14:37,Manage failed for INJ-USDT-SWAP: [WinError 10035] Операция на незаблокированном сокете не может быть завершена немедленно,
logging,"{'logger': 'root', 'level': 'ERROR', 'module': 'market_data_cache', 'funcName': '_run', 'lineno': 114}",Market-data worker fetch failed for XAU-USDT-SWAP: [WinError 10035] Операция на незаблокированном сокете не может быть завершена немедленно,ERROR,logging:root,2026-03-22 21:17:02,Market-data worker fetch failed for XAU-USDT-SWAP: [WinError 10035] Операция на незаблокированном сокете не может быть завершена немедленно,
logging,"{'logger': 'root', 'level': 'WARNING', 'module': 'main_v098', 'funcName': 'manage_open_positions', 'lineno': 5955}",Manage failed for SUI-USDT-SWAP: [WinError 10035] Операция на незаблокированном сокете не может быть завершена немедленно,WARNING,logging:root,2026-03-22 21:17:02,Manage failed for SUI-USDT-SWAP: [WinError 10035] Операция на незаблокированном сокете не может быть завершена немедленно,
logging,"{'logger': 'root', 'level': 'ERROR', 'module': 'market_data_cache', 'funcName': '_run', 'lineno': 114}",Market-data worker fetch failed for BCH-USDT-SWAP: [WinError 10035] Операция на незаблокированном сокете не может быть завершена немедленно,ERROR,logging:root,2026-03-22 21:23:10,Market-data worker fetch failed for BCH-USDT-SWAP: [WinError 10035] Операция на незаблокированном сокете не может быть завершена немедленно,
logging,"{'logger': 'root', 'level': 'ERROR', 'module': 'market_data_cache', 'funcName': '_run', 'lineno': 114}",Market-data worker fetch failed for CATI-USDT-SWAP: [WinError 10035] Операция на незаблокированном сокете не может быть завершена немедленно,ERROR,logging:root,2026-03-22 21:24:29,Market-data worker fetch failed for CATI-USDT-SWAP: [WinError 10035] Операция на незаблокированном сокете не может быть завершена немедленно,
logging,"{'logger': 'root', 'level': 'WARNING', 'module': 'main_v098', 'funcName': 'scan_markets', 'lineno': 4004}",Entry eval failed for ICP-USDT-SWAP: [WinError 10035] Операция на незаблокированном сокете не может быть завершена немедленно,WARNING,logging:root,2026-03-22 21:24:29,Entry eval failed for ICP-USDT-SWAP: [WinError 10035] Операция на незаблокированном сокете не может быть завершена немедленно,
