add_qty,atr,avg_px,distance_to_next_add_atr,event,has_locked_break_even,inst_id,last_price,mfe_r,next_pyramid_price,note,proposed_qty,qty,reason_blocked,side,stop_price,trade_id,ts,units,unrealized_r
,0.000316,0.0022997787153212,,pyramid_blocked,False,RAVE-USDT-SWAP,0.00182,,0.0021417787153212,"{'code': '1', 'data': [{'clOrdId': '', 'ordId': '', 'sCode': '51004', 'sMsg': 'Order failed. For buy/sell mode of RAVE-USDT-SWAP, the sum of current sell order size, position quantity, and pending sell orders can’t be more than 27,000(contracts) which is the maximum position amount under current leverage. Please lower the leverage or use a new sub-account to place the order again (current leverage: 5×, current sell order size: 18,820 contracts, position quantity: -18,820 contracts, pending sell orders: 0 contracts).', 'subCode': '1105', 'tag': '', 'ts': '1773670397889'}], 'inTime': '1773670397888740', 'msg': 'All operations failed', 'outTime': '1773670397890229'}",18820.0,18820.0,order_rejected,short,0.0029317787153212,20260316_171238_RAVE-USDT-SWAP_short,2026-03-16 17:13:18,1,
3527.0,0.0008149999999999991,0.16969747660901896,0.299094,pyramid_added,True,CELO-USDT-SWAP,0.0848487383045095,-0.973621,0.0852562383045095,,,3527.0,,long,0.16973822660901897,20260316_171314_CELO-USDT-SWAP_long,2026-03-16 17:13:23,2,-0.981151
,0.000316,0.0022997787153212,,pyramid_blocked,False,RAVE-USDT-SWAP,0.00182,,0.0021417787153212,"{'code': '1', 'data': [{'clOrdId': '', 'ordId': '', 'sCode': '51004', 'sMsg': 'Order failed. For buy/sell mode of RAVE-USDT-SWAP, the sum of current sell order size, position quantity, and pending sell orders can’t be more than 27,000(contracts) which is the maximum position amount under current leverage. Please lower the leverage or use a new sub-account to place the order again (current leverage: 5×, current sell order size: 18,820 contracts, position quantity: -18,820 contracts, pending sell orders: 0 contracts).', 'subCode': '1105', 'tag': '', 'ts': '1773670443878'}], 'inTime': '1773670443878184', 'msg': 'All operations failed', 'outTime': '1773670443879590'}",18820.0,18820.0,order_rejected,short,0.0029317787153212,20260316_171238_RAVE-USDT-SWAP_short,2026-03-16 17:14:04,1,
,0.000316,0.0022997787153212,,pyramid_blocked,False,RAVE-USDT-SWAP,0.00182,,0.0021417787153212,"{'code': '1', 'data': [{'clOrdId': '', 'ordId': '', 'sCode': '51004', 'sMsg': 'Order failed. For buy/sell mode of RAVE-USDT-SWAP, the sum of current sell order size, position quantity, and pending sell orders can’t be more than 27,000(contracts) which is the maximum position amount under current leverage. Please lower the leverage or use a new sub-account to place the order again (current leverage: 5×, current sell order size: 18,820 contracts, position quantity: -18,820 contracts, pending sell orders: 0 contracts).', 'subCode': '1105', 'tag': '', 'ts': '1773670491167'}], 'inTime': '1773670491167017', 'msg': 'All operations failed', 'outTime': '1773670491168423'}",18820.0,18820.0,order_rejected,short,0.0029317787153212,20260316_171238_RAVE-USDT-SWAP_short,2026-03-16 17:14:51,1,
,0.000316,0.0022997787153212,,pyramid_blocked,False,RAVE-USDT-SWAP,0.00182,,0.0021417787153212,"{'code': '1', 'data': [{'clOrdId': '', 'ordId': '', 'sCode': '51004', 'sMsg': 'Order failed. For buy/sell mode of RAVE-USDT-SWAP, the sum of current sell order size, position quantity, and pending sell orders can’t be more than 27,000(contracts) which is the maximum position amount under current leverage. Please lower the leverage or use a new sub-account to place the order again (current leverage: 5×, current sell order size: 18,820 contracts, position quantity: -18,820 contracts, pending sell orders: 0 contracts).', 'subCode': '1105', 'tag': '', 'ts': '1773670546085'}], 'inTime': '1773670546084954', 'msg': 'All operations failed', 'outTime': '1773670546086573'}",18820.0,18820.0,order_rejected,short,0.0029317787153212,20260316_171238_RAVE-USDT-SWAP_short,2026-03-16 17:15:46,1,
,0.000316,0.0022997787153212,,pyramid_blocked,False,RAVE-USDT-SWAP,0.00182,,0.0021417787153212,"{'code': '1', 'data': [{'clOrdId': '', 'ordId': '', 'sCode': '51004', 'sMsg': 'Order failed. For buy/sell mode of RAVE-USDT-SWAP, the sum of current sell order size, position quantity, and pending sell orders can’t be more than 27,000(contracts) which is the maximum position amount under current leverage. Please lower the leverage or use a new sub-account to place the order again (current leverage: 5×, current sell order size: 18,820 contracts, position quantity: -18,820 contracts, pending sell orders: 0 contracts).', 'subCode': '1105', 'tag': '', 'ts': '1773670597400'}], 'inTime': '1773670597399359', 'msg': 'All operations failed', 'outTime': '1773670597401046'}",18820.0,18820.0,order_rejected,short,0.0029317787153212,20260316_171238_RAVE-USDT-SWAP_short,2026-03-16 17:16:37,1,
,0.000316,0.0022997787153212,,pyramid_blocked,False,RAVE-USDT-SWAP,0.00182,,0.0021417787153212,"{'code': '1', 'data': [{'clOrdId': '', 'ordId': '', 'sCode': '51004', 'sMsg': 'Order failed. For buy/sell mode of RAVE-USDT-SWAP, the sum of current sell order size, position quantity, and pending sell orders can’t be more than 27,000(contracts) which is the maximum position amount under current leverage. Please lower the leverage or use a new sub-account to place the order again (current leverage: 5×, current sell order size: 18,820 contracts, position quantity: -18,820 contracts, pending sell orders: 0 contracts).', 'subCode': '1105', 'tag': '', 'ts': '1773670652946'}], 'inTime': '1773670652946201', 'msg': 'All operations failed', 'outTime': '1773670652947602'}",18820.0,18820.0,order_rejected,short,0.0029317787153212,20260316_171238_RAVE-USDT-SWAP_short,2026-03-16 17:17:33,1,
,0.000316,0.0022997787153212,,pyramid_blocked,False,RAVE-USDT-SWAP,0.00182,,0.0021417787153212,"{'code': '1', 'data': [{'clOrdId': '', 'ordId': '', 'sCode': '51004', 'sMsg': 'Order failed. For buy/sell mode of RAVE-USDT-SWAP, the sum of current sell order size, position quantity, and pending sell orders can’t be more than 27,000(contracts) which is the maximum position amount under current leverage. Please lower the leverage or use a new sub-account to place the order again (current leverage: 5×, current sell order size: 18,820 contracts, position quantity: -18,820 contracts, pending sell orders: 0 contracts).', 'subCode': '1105', 'tag': '', 'ts': '1773670708761'}], 'inTime': '1773670708760569', 'msg': 'All operations failed', 'outTime': '1773670708761727'}",18820.0,18820.0,order_rejected,short,0.0029317787153212,20260316_171238_RAVE-USDT-SWAP_short,2026-03-16 17:18:29,1,
,0.000316,0.0022997787153212,,pyramid_blocked,False,RAVE-USDT-SWAP,0.00182,,0.0021417787153212,"{'code': '1', 'data': [{'clOrdId': '', 'ordId': '', 'sCode': '51004', 'sMsg': 'Order failed. For buy/sell mode of RAVE-USDT-SWAP, the sum of current sell order size, position quantity, and pending sell orders can’t be more than 27,000(contracts) which is the maximum position amount under current leverage. Please lower the leverage or use a new sub-account to place the order again (current leverage: 5×, current sell order size: 18,820 contracts, position quantity: -18,820 contracts, pending sell orders: 0 contracts).', 'subCode': '1105', 'tag': '', 'ts': '1773670763084'}], 'inTime': '1773670763083585', 'msg': 'All operations failed', 'outTime': '1773670763084789'}",18820.0,18820.0,order_rejected,short,0.0029317787153212,20260316_171238_RAVE-USDT-SWAP_short,2026-03-16 17:19:23,1,
,0.000316,0.0022997787153212,,pyramid_blocked,False,RAVE-USDT-SWAP,0.00182,,0.0021417787153212,"{'code': '1', 'data': [{'clOrdId': '', 'ordId': '', 'sCode': '51004', 'sMsg': 'Order failed. For buy/sell mode of RAVE-USDT-SWAP, the sum of current sell order size, position quantity, and pending sell orders can’t be more than 27,000(contracts) which is the maximum position amount under current leverage. Please lower the leverage or use a new sub-account to place the order again (current leverage: 5×, current sell order size: 18,820 contracts, position quantity: -18,820 contracts, pending sell orders: 0 contracts).', 'subCode': '1105', 'tag': '', 'ts': '1773670816006'}], 'inTime': '1773670816006147', 'msg': 'All operations failed', 'outTime': '1773670816007582'}",18820.0,18820.0,order_rejected,short,0.0029317787153212,20260316_171238_RAVE-USDT-SWAP_short,2026-03-16 17:20:16,1,
,0.000316,0.0022997787153212,,pyramid_blocked,False,RAVE-USDT-SWAP,0.00182,,0.0021417787153212,"{'code': '1', 'data': [{'clOrdId': '', 'ordId': '', 'sCode': '51004', 'sMsg': 'Order failed. For buy/sell mode of RAVE-USDT-SWAP, the sum of current sell order size, position quantity, and pending sell orders can’t be more than 27,000(contracts) which is the maximum position amount under current leverage. Please lower the leverage or use a new sub-account to place the order again (current leverage: 5×, current sell order size: 18,820 contracts, position quantity: -18,820 contracts, pending sell orders: 0 contracts).', 'subCode': '1105', 'tag': '', 'ts': '1773670867777'}], 'inTime': '1773670867777214', 'msg': 'All operations failed', 'outTime': '1773670867778392'}",18820.0,18820.0,order_rejected,short,0.0029317787153212,20260316_171238_RAVE-USDT-SWAP_short,2026-03-16 17:21:08,1,
1083.0,0.0008750000000000001,0.10695,0.985714,pyramid_added,True,ENA-USDT-SWAP,0.1063,0.270833,0.10586250000000001,,,2166.0,,short,0.10690625000000001,20260316_172104_ENA-USDT-SWAP_short,2026-03-16 17:21:21,2,0.270833
,0.000316,0.0022997787153212,,pyramid_blocked,False,RAVE-USDT-SWAP,0.00182,,0.0021417787153212,"{'code': '1', 'data': [{'clOrdId': '', 'ordId': '', 'sCode': '51004', 'sMsg': 'Order failed. For buy/sell mode of RAVE-USDT-SWAP, the sum of current sell order size, position quantity, and pending sell orders can’t be more than 27,000(contracts) which is the maximum position amount under current leverage. Please lower the leverage or use a new sub-account to place the order again (current leverage: 5×, current sell order size: 18,820 contracts, position quantity: -18,820 contracts, pending sell orders: 0 contracts).', 'subCode': '1105', 'tag': '', 'ts': '1773670922489'}], 'inTime': '1773670922489169', 'msg': 'All operations failed', 'outTime': '1773670922490423'}",18820.0,18820.0,order_rejected,short,0.0029317787153212,20260316_171238_RAVE-USDT-SWAP_short,2026-03-16 17:22:02,1,
4000.0,9.250000000000039e-05,0.0296725,0.043243,pyramid_added,False,LRC-USDT-SWAP,0.029685,0.19084,0.02973125,,,8000.0,,long,0.029677125000000002,20260316_171316_LRC-USDT-SWAP_long,2026-03-16 17:22:05,2,0.063613
2.0,0.0008750000000000001,0.2122,0.071429,pyramid_added,True,ENA-USDT-SWAP,0.1061,1.021562,0.1056625,,,2.0,,short,0.10669375,20260316_172159_ENA-USDT-SWAP_short,2026-03-16 17:22:18,2,1.01677
,0.000316,0.0022997787153212,,pyramid_blocked,False,RAVE-USDT-SWAP,0.00182,,0.0021417787153212,"{'code': '1', 'data': [{'clOrdId': '', 'ordId': '', 'sCode': '51004', 'sMsg': 'Order failed. For buy/sell mode of RAVE-USDT-SWAP, the sum of current sell order size, position quantity, and pending sell orders can’t be more than 27,000(contracts) which is the maximum position amount under current leverage. Please lower the leverage or use a new sub-account to place the order again (current leverage: 5×, current sell order size: 18,820 contracts, position quantity: -18,820 contracts, pending sell orders: 0 contracts).', 'subCode': '1105', 'tag': '', 'ts': '1773670976571'}], 'inTime': '1773670976570478', 'msg': 'All operations failed', 'outTime': '1773670976571959'}",18820.0,18820.0,order_rejected,short,0.0029317787153212,20260316_171238_RAVE-USDT-SWAP_short,2026-03-16 17:22:56,1,
2.0,0.0008750000000000001,0.10536000000000004,1.214286,pyramid_added,True,ENA-USDT-SWAP,0.1046,0.305221,0.1041625,,,5.0,,short,0.10505375000000004,20260316_172159_ENA-USDT-SWAP_short,2026-03-16 17:23:12,3,0.305221
,0.000316,0.0022997787153212,,pyramid_blocked,False,RAVE-USDT-SWAP,0.00182,,0.0021417787153212,"{'code': '1', 'data': [{'clOrdId': '', 'ordId': '', 'sCode': '51004', 'sMsg': 'Order failed. For buy/sell mode of RAVE-USDT-SWAP, the sum of current sell order size, position quantity, and pending sell orders can’t be more than 27,000(contracts) which is the maximum position amount under current leverage. Please lower the leverage or use a new sub-account to place the order again (current leverage: 5×, current sell order size: 18,820 contracts, position quantity: -18,820 contracts, pending sell orders: 0 contracts).', 'subCode': '1105', 'tag': '', 'ts': '1773671036064'}], 'inTime': '1773671036064185', 'msg': 'All operations failed', 'outTime': '1773671036065362'}",18820.0,18820.0,order_rejected,short,0.0029317787153212,20260316_171238_RAVE-USDT-SWAP_short,2026-03-16 17:23:56,1,
2.0,0.0008750000000000001,0.01557146776406038,0.642857,pyramid_added,True,ENA-USDT-SWAP,0.1043296296296299,-0.953944,0.1038921296296299,,,54.0,,short,0.01495896776406038,20260316_172159_ENA-USDT-SWAP_short,2026-03-16 17:24:08,4,-0.961851
,0.000316,0.0022997787153212,,pyramid_blocked,False,RAVE-USDT-SWAP,0.00182,,0.0021417787153212,"{'code': '1', 'data': [{'clOrdId': '', 'ordId': '', 'sCode': '51004', 'sMsg': 'Order failed. For buy/sell mode of RAVE-USDT-SWAP, the sum of current sell order size, position quantity, and pending sell orders can’t be more than 27,000(contracts) which is the maximum position amount under current leverage. Please lower the leverage or use a new sub-account to place the order again (current leverage: 5×, current sell order size: 18,820 contracts, position quantity: -18,820 contracts, pending sell orders: 0 contracts).', 'subCode': '1105', 'tag': '', 'ts': '1773671090767'}], 'inTime': '1773671090766769', 'msg': 'All operations failed', 'outTime': '1773671090768073'}",18820.0,18820.0,order_rejected,short,0.0029317787153212,20260316_171238_RAVE-USDT-SWAP_short,2026-03-16 17:24:51,1,
,0.000316,0.0022997787153212,,pyramid_blocked,False,RAVE-USDT-SWAP,0.00182,,0.0021417787153212,"{'code': '1', 'data': [{'clOrdId': '', 'ordId': '', 'sCode': '51004', 'sMsg': 'Order failed. For buy/sell mode of RAVE-USDT-SWAP, the sum of current sell order size, position quantity, and pending sell orders can’t be more than 27,000(contracts) which is the maximum position amount under current leverage. Please lower the leverage or use a new sub-account to place the order again (current leverage: 5×, current sell order size: 18,820 contracts, position quantity: -18,820 contracts, pending sell orders: 0 contracts).', 'subCode': '1105', 'tag': '', 'ts': '1773671148244'}], 'inTime': '1773671148243898', 'msg': 'All operations failed', 'outTime': '1773671148245195'}",18820.0,18820.0,order_rejected,short,0.0022997787153212,20260316_171238_RAVE-USDT-SWAP_short,2026-03-16 17:25:48,1,
,0.000316,0.0022997787153212,,pyramid_blocked,False,RAVE-USDT-SWAP,0.00182,,0.0021417787153212,"{'code': '1', 'data': [{'clOrdId': '', 'ordId': '', 'sCode': '51004', 'sMsg': 'Order failed. For buy/sell mode of RAVE-USDT-SWAP, the sum of current sell order size, position quantity, and pending sell orders can’t be more than 27,000(contracts) which is the maximum position amount under current leverage. Please lower the leverage or use a new sub-account to place the order again (current leverage: 5×, current sell order size: 18,820 contracts, position quantity: -18,820 contracts, pending sell orders: 0 contracts).', 'subCode': '1105', 'tag': '', 'ts': '1773671205823'}], 'inTime': '1773671205822539', 'msg': 'All operations failed', 'outTime': '1773671205823802'}",18820.0,18820.0,order_rejected,short,0.0022997787153212,20260316_171238_RAVE-USDT-SWAP_short,2026-03-16 17:26:46,1,
,0.000316,0.0022997787153212,,pyramid_blocked,False,RAVE-USDT-SWAP,0.00182,,0.0021417787153212,"{'code': '1', 'data': [{'clOrdId': '', 'ordId': '', 'sCode': '51004', 'sMsg': 'Order failed. For buy/sell mode of RAVE-USDT-SWAP, the sum of current sell order size, position quantity, and pending sell orders can’t be more than 27,000(contracts) which is the maximum position amount under current leverage. Please lower the leverage or use a new sub-account to place the order again (current leverage: 5×, current sell order size: 18,820 contracts, position quantity: -18,820 contracts, pending sell orders: 0 contracts).', 'subCode': '1105', 'tag': '', 'ts': '1773671256109'}], 'inTime': '1773671256108959', 'msg': 'All operations failed', 'outTime': '1773671256110189'}",18820.0,18820.0,order_rejected,short,0.0022997787153212,20260316_171238_RAVE-USDT-SWAP_short,2026-03-16 17:27:36,1,
,0.000316,0.0022997787153212,,pyramid_blocked,False,RAVE-USDT-SWAP,0.00182,,0.0021417787153212,"{'code': '1', 'data': [{'clOrdId': '', 'ordId': '', 'sCode': '51004', 'sMsg': 'Order failed. For buy/sell mode of RAVE-USDT-SWAP, the sum of current sell order size, position quantity, and pending sell orders can’t be more than 27,000(contracts) which is the maximum position amount under current leverage. Please lower the leverage or use a new sub-account to place the order again (current leverage: 5×, current sell order size: 18,820 contracts, position quantity: -18,820 contracts, pending sell orders: 0 contracts).', 'subCode': '1105', 'tag': '', 'ts': '1773671310922'}], 'inTime': '1773671310921607', 'msg': 'All operations failed', 'outTime': '1773671310922960'}",18820.0,18820.0,order_rejected,short,0.0022997787153212,20260316_171238_RAVE-USDT-SWAP_short,2026-03-16 17:28:31,1,
,0.000316,0.0022997787153212,,pyramid_blocked,False,RAVE-USDT-SWAP,0.00182,,0.0021417787153212,"{'code': '1', 'data': [{'clOrdId': '', 'ordId': '', 'sCode': '51004', 'sMsg': 'Order failed. For buy/sell mode of RAVE-USDT-SWAP, the sum of current sell order size, position quantity, and pending sell orders can’t be more than 27,000(contracts) which is the maximum position amount under current leverage. Please lower the leverage or use a new sub-account to place the order again (current leverage: 5×, current sell order size: 18,820 contracts, position quantity: -18,820 contracts, pending sell orders: 0 contracts).', 'subCode': '1105', 'tag': '', 'ts': '1773671363686'}], 'inTime': '1773671363686316', 'msg': 'All operations failed', 'outTime': '1773671363687648'}",18820.0,18820.0,order_rejected,short,0.0022997787153212,20260316_171238_RAVE-USDT-SWAP_short,2026-03-16 17:29:24,1,
,0.000316,0.0022997787153212,,pyramid_blocked,False,RAVE-USDT-SWAP,0.00182,,0.0021417787153212,"{'code': '1', 'data': [{'clOrdId': '', 'ordId': '', 'sCode': '51004', 'sMsg': 'Order failed. For buy/sell mode of RAVE-USDT-SWAP, the sum of current sell order size, position quantity, and pending sell orders can’t be more than 27,000(contracts) which is the maximum position amount under current leverage. Please lower the leverage or use a new sub-account to place the order again (current leverage: 5×, current sell order size: 18,820 contracts, position quantity: -18,820 contracts, pending sell orders: 0 contracts).', 'subCode': '1105', 'tag': '', 'ts': '1773671415236'}], 'inTime': '1773671415235472', 'msg': 'All operations failed', 'outTime': '1773671415236889'}",18820.0,18820.0,order_rejected,short,0.0022997787153212,20260316_171238_RAVE-USDT-SWAP_short,2026-03-16 17:30:15,1,
12.55,0.09849999999999284,94.03250000000001,0.862944,pyramid_added,False,SOL-USDT-SWAP,94.065,0.458824,94.11425,,,25.1,,long,94.03742500000001,20260316_172013_SOL-USDT-SWAP_long,2026-03-16 17:30:25,2,0.152941
,0.000316,0.0022997787153212,,pyramid_blocked,False,RAVE-USDT-SWAP,0.00182,,0.0021417787153212,"{'code': '1', 'data': [{'clOrdId': '', 'ordId': '', 'sCode': '51004', 'sMsg': 'Order failed. For buy/sell mode of RAVE-USDT-SWAP, the sum of current sell order size, position quantity, and pending sell orders can’t be more than 27,000(contracts) which is the maximum position amount under current leverage. Please lower the leverage or use a new sub-account to place the order again (current leverage: 5×, current sell order size: 18,820 contracts, position quantity: -18,820 contracts, pending sell orders: 0 contracts).', 'subCode': '1105', 'tag': '', 'ts': '1773671476761'}], 'inTime': '1773671476760700', 'msg': 'All operations failed', 'outTime': '1773671476761819'}",18820.0,18820.0,order_rejected,short,0.0022997787153212,20260316_171238_RAVE-USDT-SWAP_short,2026-03-16 17:31:17,1,
57.3,0.000180000000000001,0.19830000000000003,5.055556,pyramid_added,True,ADA-USDT-SWAP,0.1978,0.581395,0.19771,,,114.6,,short,0.198025,20260316_173111_ADA-USDT-SWAP_short,2026-03-16 17:31:28,2,0.581395
,0.000316,0.0022997787153212,,pyramid_blocked,False,RAVE-USDT-SWAP,0.00182,,0.0021417787153212,"{'code': '1', 'data': [{'clOrdId': '', 'ordId': '', 'sCode': '51004', 'sMsg': 'Order failed. For buy/sell mode of RAVE-USDT-SWAP, the sum of current sell order size, position quantity, and pending sell orders can’t be more than 27,000(contracts) which is the maximum position amount under current leverage. Please lower the leverage or use a new sub-account to place the order again (current leverage: 5×, current sell order size: 18,820 contracts, position quantity: -18,820 contracts, pending sell orders: 0 contracts).', 'subCode': '1105', 'tag': '', 'ts': '1773671531721'}], 'inTime': '1773671531721321', 'msg': 'All operations failed', 'outTime': '1773671531722584'}",18820.0,18820.0,order_rejected,short,0.0022997787153212,20260316_171238_RAVE-USDT-SWAP_short,2026-03-16 17:32:12,1,
12565.0,0.002699999999999958,0.927,2.462963,pyramid_added,True,FIL-USDT-SWAP,0.925,0.810811,0.9236500000000001,,,25130.0,,short,0.924375,20260316_173108_FIL-USDT-SWAP_short,2026-03-16 17:32:25,2,0.27027
,0.000316,0.0022997787153212,,pyramid_blocked,False,RAVE-USDT-SWAP,0.00182,,0.0021417787153212,"{'code': '1', 'data': [{'clOrdId': '', 'ordId': '', 'sCode': '51004', 'sMsg': 'Order failed. For buy/sell mode of RAVE-USDT-SWAP, the sum of current sell order size, position quantity, and pending sell orders can’t be more than 27,000(contracts) which is the maximum position amount under current leverage. Please lower the leverage or use a new sub-account to place the order again (current leverage: 5×, current sell order size: 18,820 contracts, position quantity: -18,820 contracts, pending sell orders: 0 contracts).', 'subCode': '1105', 'tag': '', 'ts': '1773671599874'}], 'inTime': '1773671599874022', 'msg': 'All operations failed', 'outTime': '1773671599875294'}",18820.0,18820.0,order_rejected,short,0.0022997787153212,20260316_171238_RAVE-USDT-SWAP_short,2026-03-16 17:33:20,1,
,0.000316,0.0022997787153212,,pyramid_blocked,False,RAVE-USDT-SWAP,0.00182,,0.0021417787153212,"{'code': '1', 'data': [{'clOrdId': '', 'ordId': '', 'sCode': '51004', 'sMsg': 'Order failed. For buy/sell mode of RAVE-USDT-SWAP, the sum of current sell order size, position quantity, and pending sell orders can’t be more than 27,000(contracts) which is the maximum position amount under current leverage. Please lower the leverage or use a new sub-account to place the order again (current leverage: 5×, current sell order size: 18,820 contracts, position quantity: -18,820 contracts, pending sell orders: 0 contracts).', 'subCode': '1105', 'tag': '', 'ts': '1773671686259'}], 'inTime': '1773671686258869', 'msg': 'All operations failed', 'outTime': '1773671686260159'}",18820.0,18820.0,order_rejected,short,0.0022997787153212,20260316_171238_RAVE-USDT-SWAP_short,2026-03-16 17:34:46,1,
,0.000316,0.0022997787153212,,pyramid_blocked,False,RAVE-USDT-SWAP,0.00182,,0.0021417787153212,"{'code': '1', 'data': [{'clOrdId': '', 'ordId': '', 'sCode': '51004', 'sMsg': 'Order failed. For buy/sell mode of RAVE-USDT-SWAP, the sum of current sell order size, position quantity, and pending sell orders can’t be more than 27,000(contracts) which is the maximum position amount under current leverage. Please lower the leverage or use a new sub-account to place the order again (current leverage: 5×, current sell order size: 18,820 contracts, position quantity: -18,820 contracts, pending sell orders: 0 contracts).', 'subCode': '1105', 'tag': '', 'ts': '1773671757494'}], 'inTime': '1773671757493751', 'msg': 'All operations failed', 'outTime': '1773671757495048'}",18820.0,18820.0,order_rejected,short,0.0022997787153212,20260316_171238_RAVE-USDT-SWAP_short,2026-03-16 17:35:57,1,
11270.0,0.0035150000000000016,0.10025000000000026,0.09744,pyramid_added,True,1INCH-USDT-SWAP,0.0997000000000005,0.204485,0.0979425000000005,,,22540.0,,short,0.10007425000000025,20260316_173549_1INCH-USDT-SWAP_short,2026-03-16 17:36:15,2,0.072559
,0.000316,0.0022997787153212,,pyramid_blocked,False,RAVE-USDT-SWAP,0.00182,,0.0021417787153212,"{'code': '1', 'data': [{'clOrdId': '', 'ordId': '', 'sCode': '51004', 'sMsg': 'Order failed. For buy/sell mode of RAVE-USDT-SWAP, the sum of current sell order size, position quantity, and pending sell orders can’t be more than 27,000(contracts) which is the maximum position amount under current leverage. Please lower the leverage or use a new sub-account to place the order again (current leverage: 5×, current sell order size: 18,820 contracts, position quantity: -18,820 contracts, pending sell orders: 0 contracts).', 'subCode': '1105', 'tag': '', 'ts': '1773671821041'}], 'inTime': '1773671821041166', 'msg': 'All operations failed', 'outTime': '1773671821042526'}",18820.0,18820.0,order_rejected,short,0.0022997787153212,20260316_171238_RAVE-USDT-SWAP_short,2026-03-16 17:37:01,1,
,0.000316,0.0022997787153212,,pyramid_blocked,False,RAVE-USDT-SWAP,0.00182,,0.0021417787153212,"{'code': '1', 'data': [{'clOrdId': '', 'ordId': '', 'sCode': '51004', 'sMsg': 'Order failed. For buy/sell mode of RAVE-USDT-SWAP, the sum of current sell order size, position quantity, and pending sell orders can’t be more than 27,000(contracts) which is the maximum position amount under current leverage. Please lower the leverage or use a new sub-account to place the order again (current leverage: 5×, current sell order size: 18,820 contracts, position quantity: -18,820 contracts, pending sell orders: 0 contracts).', 'subCode': '1105', 'tag': '', 'ts': '1773671890427'}], 'inTime': '1773671890426694', 'msg': 'All operations failed', 'outTime': '1773671890427951'}",18820.0,18820.0,order_rejected,short,0.0022997787153212,20260316_171238_RAVE-USDT-SWAP_short,2026-03-16 17:38:10,1,
,0.000316,0.0022997787153212,,pyramid_blocked,False,RAVE-USDT-SWAP,0.00182,,0.0021417787153212,"{'code': '1', 'data': [{'clOrdId': '', 'ordId': '', 'sCode': '51004', 'sMsg': 'Order failed. For buy/sell mode of RAVE-USDT-SWAP, the sum of current sell order size, position quantity, and pending sell orders can’t be more than 27,000(contracts) which is the maximum position amount under current leverage. Please lower the leverage or use a new sub-account to place the order again (current leverage: 5×, current sell order size: 18,820 contracts, position quantity: -18,820 contracts, pending sell orders: 0 contracts).', 'subCode': '1105', 'tag': '', 'ts': '1773671953357'}], 'inTime': '1773671953356500', 'msg': 'All operations failed', 'outTime': '1773671953357731'}",18820.0,18820.0,order_rejected,short,0.0022997787153212,20260316_171238_RAVE-USDT-SWAP_short,2026-03-16 17:39:13,1,
,0.000316,0.0022997787153212,,pyramid_blocked,False,RAVE-USDT-SWAP,0.00182,,0.0021417787153212,"{'code': '1', 'data': [{'clOrdId': '', 'ordId': '', 'sCode': '51004', 'sMsg': 'Order failed. For buy/sell mode of RAVE-USDT-SWAP, the sum of current sell order size, position quantity, and pending sell orders can’t be more than 27,000(contracts) which is the maximum position amount under current leverage. Please lower the leverage or use a new sub-account to place the order again (current leverage: 5×, current sell order size: 18,820 contracts, position quantity: -18,820 contracts, pending sell orders: 0 contracts).', 'subCode': '1105', 'tag': '', 'ts': '1773672020112'}], 'inTime': '1773672020111762', 'msg': 'All operations failed', 'outTime': '1773672020113121'}",18820.0,18820.0,order_rejected,short,0.0022997787153212,20260316_171238_RAVE-USDT-SWAP_short,2026-03-16 17:40:20,1,
11123.0,0.0036200000000000017,0.2026,0.315608,pyramid_added,True,1INCH-USDT-SWAP,0.1013,1.105336,0.09949,,,11123.0,,short,0.102925,20260316_173806_1INCH-USDT-SWAP_short,2026-03-16 17:40:38,2,1.074573
,0.000316,0.0022997787153212,,pyramid_blocked,False,RAVE-USDT-SWAP,0.00182,,0.0021417787153212,"{'code': '1', 'data': [{'clOrdId': '', 'ordId': '', 'sCode': '51004', 'sMsg': 'Order failed. For buy/sell mode of RAVE-USDT-SWAP, the sum of current sell order size, position quantity, and pending sell orders can’t be more than 27,000(contracts) which is the maximum position amount under current leverage. Please lower the leverage or use a new sub-account to place the order again (current leverage: 5×, current sell order size: 18,820 contracts, position quantity: -18,820 contracts, pending sell orders: 0 contracts).', 'subCode': '1105', 'tag': '', 'ts': '1773672078088'}], 'inTime': '1773672078088243', 'msg': 'All operations failed', 'outTime': '1773672078089614'}",18820.0,18820.0,order_rejected,short,0.0022997787153212,20260316_171238_RAVE-USDT-SWAP_short,2026-03-16 17:41:18,1,
,0.000316,0.0022997787153212,,pyramid_blocked,False,RAVE-USDT-SWAP,0.00182,,0.0021417787153212,"{'code': '1', 'data': [{'clOrdId': '', 'ordId': '', 'sCode': '51004', 'sMsg': 'Order failed. For buy/sell mode of RAVE-USDT-SWAP, the sum of current sell order size, position quantity, and pending sell orders can’t be more than 27,000(contracts) which is the maximum position amount under current leverage. Please lower the leverage or use a new sub-account to place the order again (current leverage: 5×, current sell order size: 18,820 contracts, position quantity: -18,820 contracts, pending sell orders: 0 contracts).', 'subCode': '1105', 'tag': '', 'ts': '1773672137774'}], 'inTime': '1773672137774320', 'msg': 'All operations failed', 'outTime': '1773672137775534'}",18820.0,18820.0,order_rejected,short,0.0022997787153212,20260316_171238_RAVE-USDT-SWAP_short,2026-03-16 17:42:18,1,
,0.0036200000000000017,0.09985,0.024862,pyramid_blocked,False,1INCH-USDT-SWAP,0.0994,0.170991,0.09949,недостаточный прогресс 0.12 ATR,,22246.0,progress_below_threshold,short,0.102925,20260316_173806_1INCH-USDT-SWAP_short,2026-03-16 17:42:40,2,0.053066
,0.000316,0.0022997787153212,,pyramid_blocked,False,RAVE-USDT-SWAP,0.00182,,0.0021417787153212,"{'code': '1', 'data': [{'clOrdId': '', 'ordId': '', 'sCode': '51004', 'sMsg': 'Order failed. For buy/sell mode of RAVE-USDT-SWAP, the sum of current sell order size, position quantity, and pending sell orders can’t be more than 27,000(contracts) which is the maximum position amount under current leverage. Please lower the leverage or use a new sub-account to place the order again (current leverage: 5×, current sell order size: 18,820 contracts, position quantity: -18,820 contracts, pending sell orders: 0 contracts).', 'subCode': '1105', 'tag': '', 'ts': '1773672214097'}], 'inTime': '1773672214097061', 'msg': 'All operations failed', 'outTime': '1773672214098210'}",18820.0,18820.0,order_rejected,short,0.0022997787153212,20260316_171238_RAVE-USDT-SWAP_short,2026-03-16 17:43:34,1,
11123.0,0.0036200000000000017,0.09965555555555566,0.356354,pyramid_added,True,1INCH-USDT-SWAP,0.099266666666667,0.167798,0.097456666666667,,,33369.0,,short,0.09838855555555566,20260316_173806_1INCH-USDT-SWAP_short,2026-03-16 17:43:51,3,0.044832
,0.000316,0.0022997787153212,,pyramid_blocked,False,RAVE-USDT-SWAP,0.00182,,0.0021417787153212,"{'code': '1', 'data': [{'clOrdId': '', 'ordId': '', 'sCode': '51004', 'sMsg': 'Order failed. For buy/sell mode of RAVE-USDT-SWAP, the sum of current sell order size, position quantity, and pending sell orders can’t be more than 27,000(contracts) which is the maximum position amount under current leverage. Please lower the leverage or use a new sub-account to place the order again (current leverage: 5×, current sell order size: 18,820 contracts, position quantity: -18,820 contracts, pending sell orders: 0 contracts).', 'subCode': '1105', 'tag': '', 'ts': '1773672275903'}], 'inTime': '1773672275903461', 'msg': 'All operations failed', 'outTime': '1773672275904625'}",18820.0,18820.0,order_rejected,short,0.0022997787153212,20260316_171238_RAVE-USDT-SWAP_short,2026-03-16 17:44:36,1,
