atr,body_atr,body_to_range_ratio,breakout_buffer_atr_actual,breakout_level,channel_width_atr,close_beyond_channel_atr,distance_from_breakout_level_atr,donchian_high,donchian_low,entry_mode,entry_price,event,fresh_breakout_true_false,inst_id,side,system_name,timeframe,ts
0.2,1.9,0.95,0.05,119.34,11.95,0.2,-0.05,121.73,119.34,minimal,119.35,breakout_quality,True,AAVE-USDT-SWAP,short,Turtle 55,5m,2026-03-18 14:05:10
0.43,1.860465,1.0,0.697674,467.3,8.837209,0.697674,0.697674,471.1,467.3,minimal,467.0,breakout_quality,True,BCH-USDT-SWAP,short,Turtle 55,5m,2026-03-18 14:05:13
0.000215,1.162791,0.833333,0.232558,0.0989,13.255814,0.232558,0.232558,0.10175,0.0989,minimal,0.09885,breakout_quality,True,DOGE-USDT-SWAP,short,Turtle 55,5m,2026-03-18 14:06:07
0.000215,1.162791,0.833333,0.465116,0.0989,13.255814,0.232558,0.465116,0.10175,0.0989,minimal,0.0988,breakout_quality,True,DOGE-USDT-SWAP,short,Turtle 55,5m,2026-03-18 14:09:08
0.0002675,0.635514,0.314815,1.191342,0.17327,6.616822,0.186916,-1.191342,0.17504,0.17327,minimal,0.17358868,breakout_quality,True,XLM-USDT-SWAP,short,Turtle 20,5m,2026-03-18 14:11:49
0.00013,2.538462,1.0,0.730723,0.06112,12.461538,0.076923,0.730723,0.06274,0.06112,minimal,0.06102501,breakout_quality,True,MINA-USDT-SWAP,short,Turtle 55,5m,2026-03-18 14:30:14
0.525,2.666667,0.933333,1.880795,466.9,7.809524,1.52381,1.880795,471.0,466.9,minimal,465.91258249,breakout_quality,True,BCH-USDT-SWAP,short,Turtle 55,5m,2026-03-18 14:30:19
0.0026,2.307692,1.0,2.307692,1.629,3.076923,2.307692,2.307692,1.637,1.629,minimal,1.623,breakout_quality,True,DOT-USDT-SWAP,short,Turtle 20,5m,2026-03-18 14:30:24
0.127,1.732283,0.594595,0.709536,57.38,5.905512,0.629921,-0.709536,58.13,57.38,minimal,57.47011111,breakout_quality,True,LTC-USDT-SWAP,short,Turtle 20,5m,2026-03-18 14:30:28
0.000239,2.92887,1.0,0.83682,0.1348,5.020921,0.83682,0.83682,0.136,0.1348,minimal,0.1346,breakout_quality,True,OP-USDT-SWAP,short,Turtle 20,5m,2026-03-18 14:30:33
0.0004345,2.278481,0.363971,0.069045,0.17285,5.040276,0.414269,0.069045,0.17504,0.17285,minimal,0.17282,breakout_quality,True,XLM-USDT-SWAP,short,Turtle 20,5m,2026-03-18 14:30:38
0.2675,2.728972,0.960526,3.377988,119.27,8.11215,1.345794,3.377988,121.44,119.27,minimal,118.36638821,breakout_quality,True,AAVE-USDT-SWAP,short,Turtle 55,5m,2026-03-18 14:30:57
0.127,1.732283,0.594595,3.149606,57.38,5.905512,0.629921,3.149606,58.13,57.38,minimal,56.98,breakout_quality,True,LTC-USDT-SWAP,short,Turtle 20,5m,2026-03-18 14:32:36
0.2675,2.728972,0.960526,4.971963,119.27,8.11215,1.345794,4.971963,121.44,119.27,minimal,117.94,breakout_quality,True,AAVE-USDT-SWAP,short,Turtle 55,5m,2026-03-18 14:33:19
0.127,1.732283,0.594595,1.100808,57.38,5.905512,0.629921,1.100808,58.13,57.38,minimal,57.24019737,breakout_quality,True,LTC-USDT-SWAP,short,Turtle 20,5m,2026-03-18 14:33:23
0.0004345,2.278481,0.363971,2.224554,0.17285,5.040276,0.414269,2.224554,0.17504,0.17285,minimal,0.17188343,breakout_quality,True,XLM-USDT-SWAP,short,Turtle 20,5m,2026-03-18 14:34:04
0.127,1.732283,0.594595,1.100981,57.38,5.905512,0.629921,1.100981,58.13,57.38,minimal,57.24017544,breakout_quality,True,LTC-USDT-SWAP,short,Turtle 20,5m,2026-03-18 14:34:08
0.003105,0.869565,0.642857,0.096618,0.0814,1.481481,0.032206,-0.096618,0.086,0.0814,minimal,0.0817,breakout_quality,True,2Z-USDT-SWAP,short,Turtle 55,5m,2026-03-18 14:35:23
0.000155,0.580645,0.75,1.853268,0.06007,17.225806,0.451613,1.853268,0.06274,0.06007,minimal,0.05978274,breakout_quality,True,MINA-USDT-SWAP,short,Turtle 55,5m,2026-03-18 15:09:23
0.000172,1.511628,1.0,1.103817,0.05978,17.209302,1.104651,1.103817,0.06274,0.05978,minimal,0.05959014,breakout_quality,True,MINA-USDT-SWAP,short,Turtle 55,5m,2026-03-18 15:20:29
0.0033,0.30303,0.232558,0.060606,0.0852,1.30303,0.060606,0.060606,0.0852,0.0809,minimal,0.0854,breakout_quality,True,2Z-USDT-SWAP,long,Turtle 20,5m,2026-03-18 15:30:23
1.2,2.916667,0.76087,1.333333,458.3,10.583333,1.25,1.333333,471.0,458.3,minimal,456.7,breakout_quality,True,BCH-USDT-SWAP,short,Turtle 55,5m,2026-03-18 15:35:20
0.000385,1.948052,0.789474,1.558442,0.09655,12.077922,1.428571,1.558442,0.1012,0.09655,minimal,0.09595,breakout_quality,True,DOGE-USDT-SWAP,short,Turtle 55,5m,2026-03-18 15:35:28
0.0001945,1.388175,0.54,1.167079,0.05959,16.195373,0.66838,1.167079,0.06274,0.05959,minimal,0.059363,breakout_quality,True,MINA-USDT-SWAP,short,Turtle 55,5m,2026-03-18 15:40:12
0.003365,0.802377,1.0,0.624071,0.086,1.515602,0.594354,0.624071,0.086,0.0809,minimal,0.0881,breakout_quality,True,2Z-USDT-SWAP,long,Turtle 55,5m,2026-03-18 15:40:16
1.765,0.736544,0.132653,0.778862,455.7,8.328612,0.509915,0.778862,470.4,455.7,minimal,454.32530912,breakout_quality,True,BCH-USDT-SWAP,short,Turtle 55,5m,2026-03-18 16:05:19
