add_qty,atr,avg_px,distance_to_next_add_atr,event,has_locked_break_even,inst_id,last_price,mfe_r,next_pyramid_price,note,qty,reason_blocked,side,stop_price,trade_id,ts,units,unrealized_r
,0.020800000000000374,9.355,,pyramid_strategy_check,False,AVAX-USDT-SWAP,9.354,,9.3446,candle_ts=1774374000000,305.5,,short,9.396600000000001,20260324_204642_AVAX-USDT-SWAP_short,2026-03-24 20:47:07,1,
,1.650000000000002e-05,0.01036,,pyramid_strategy_check,False,GMT-USDT-SWAP,0.01036,,0.01035175,candle_ts=1774374000000,272731.0,,short,0.010393,20260324_204644_GMT-USDT-SWAP_short,2026-03-24 20:47:28,1,
,1.650000000000002e-05,0.01036,,pyramid_blocked,False,GMT-USDT-SWAP,0.01036,,0.01035175,exchange_stop_place_error,272731.0,stop_not_active,short,0.010393,20260324_204644_GMT-USDT-SWAP_short,2026-03-24 20:47:28,1,
,0.025900000000000124,9.015,,pyramid_strategy_check,False,LINK-USDT-SWAP,9.018,,9.00205,candle_ts=1774374000000,311.22,,short,9.0668,20260324_204646_LINK-USDT-SWAP_short,2026-03-24 20:47:30,1,
,0.00020500000000000103,0.1508,,pyramid_strategy_check,False,IMX-USDT-SWAP,0.1509,,0.15069749999999998,candle_ts=1774374000000,18585.0,,short,0.15120999999999998,20260324_204648_IMX-USDT-SWAP_short,2026-03-24 20:47:31,1,
,0.0002249999999999988,0.0947,,pyramid_strategy_check,False,ARB-USDT-SWAP,0.0951,,0.0945875,candle_ts=1774374000000,2924.9,,short,0.09515,20260324_204650_ARB-USDT-SWAP_short,2026-03-24 20:47:52,1,
,0.0002249999999999988,0.0947,,pyramid_blocked,False,ARB-USDT-SWAP,0.0951,,0.0945875,exchange_stop_place_error,2924.9,stop_not_active,short,0.09515,20260324_204650_ARB-USDT-SWAP_short,2026-03-24 20:47:52,1,
,0.0002475000000000005,0.09245,,pyramid_strategy_check,False,DOGE-USDT-SWAP,0.0924,,0.09232625,candle_ts=1774374000000,29.61,,short,0.092945,20260324_204651_DOGE-USDT-SWAP_short,2026-03-24 20:47:54,1,
,0.0015000000000000013,0.902,,pyramid_strategy_check,False,FIL-USDT-SWAP,0.905,,0.90125,candle_ts=1774374000000,29996.0,,short,0.905,20260324_204654_FIL-USDT-SWAP_short,2026-03-24 20:47:56,1,
,0.00565,2.987,,pyramid_strategy_check,False,INJ-USDT-SWAP,2.992,,2.984175,candle_ts=1774374000000,8952.0,,short,2.9983,20260324_204655_INJ-USDT-SWAP_short,2026-03-24 20:47:58,1,
,0.004100000000000126,2.343,,pyramid_strategy_check,False,ICP-USDT-SWAP,2.343,,2.34095,candle_ts=1774374000000,113328.3,,short,2.3512000000000004,20260324_204657_ICP-USDT-SWAP_short,2026-03-24 20:48:00,1,
,0.004350000000000076,4.353,,pyramid_strategy_check,False,KSM-USDT-SWAP,4.353,,4.3508249999999995,candle_ts=1774374000000,6057.0,,short,4.3617,20260324_204659_KSM-USDT-SWAP_short,2026-03-24 20:48:02,1,
,0.030000000000000072,19.04,,pyramid_strategy_check,False,COMP-USDT-SWAP,19.05,,19.025,candle_ts=1774374000000,1368.6,,short,19.099999999999998,20260324_204700_COMP-USDT-SWAP_short,2026-03-24 20:48:03,1,
,0.6045000000000045,380.0,,pyramid_strategy_check,False,TSLA-USDT-SWAP,380.0,,379.69775,candle_ts=1774374000000,677.0,,short,381.209,20260324_204702_TSLA-USDT-SWAP_short,2026-03-24 20:48:05,1,
,0.06199999999999868,55.35,,pyramid_strategy_check,False,LTC-USDT-SWAP,55.38,,55.319,candle_ts=1774374000000,45.9,,short,55.474,20260324_204704_LTC-USDT-SWAP_short,2026-03-24 20:48:07,1,
,0.02070000000000034,9.353865793780688,,pyramid_strategy_check,False,AVAX-USDT-SWAP,9.358,,9.3446,candle_ts=1774374300000,305.5,,short,9.396600000000001,20260324_204642_AVAX-USDT-SWAP_short,2026-03-24 20:50:08,1,
,0.025700000000000146,9.013,,pyramid_strategy_check,False,LINK-USDT-SWAP,9.028,,9.00205,candle_ts=1774374300000,311.22,,short,9.0668,20260324_204646_LINK-USDT-SWAP_short,2026-03-24 20:50:24,1,
,0.00020500000000000103,0.1505253914447136,,pyramid_strategy_check,False,IMX-USDT-SWAP,0.151,,0.15069749999999998,candle_ts=1774374300000,18585.0,,short,0.15120999999999998,20260324_204648_IMX-USDT-SWAP_short,2026-03-24 20:50:30,1,
,0.00020500000000000103,0.1505253914447136,,pyramid_blocked,False,IMX-USDT-SWAP,0.151,,0.15069749999999998,position_absent_on_exchange,18585.0,stop_not_active,short,0.15120999999999998,20260324_204648_IMX-USDT-SWAP_short,2026-03-24 20:50:30,1,
,0.00023999999999999992,0.09245,,pyramid_strategy_check,False,DOGE-USDT-SWAP,0.0925,,0.09232625,candle_ts=1774374300000,29.61,,short,0.092945,20260324_204651_DOGE-USDT-SWAP_short,2026-03-24 20:50:46,1,
,0.0016000000000000014,0.902,,pyramid_strategy_check,False,FIL-USDT-SWAP,0.904,,0.90125,candle_ts=1774374300000,29996.0,,short,0.905,20260324_204654_FIL-USDT-SWAP_short,2026-03-24 20:50:46,1,
,0.005699999999999994,2.987,,pyramid_strategy_check,False,INJ-USDT-SWAP,2.99,,2.984175,candle_ts=1774374300000,8952.0,,short,2.9983,20260324_204655_INJ-USDT-SWAP_short,2026-03-24 20:50:47,1,
,0.00425000000000011,2.3394093072957065,,pyramid_strategy_check,False,ICP-USDT-SWAP,2.344,,2.34095,candle_ts=1774374300000,113328.3,,short,2.3512000000000004,20260324_204657_ICP-USDT-SWAP_short,2026-03-24 20:50:48,1,
,0.004550000000000054,4.3495002476473505,,pyramid_strategy_check,False,KSM-USDT-SWAP,4.349,,4.3508249999999995,candle_ts=1774374300000,6057.0,,short,4.3617,20260324_204659_KSM-USDT-SWAP_short,2026-03-24 20:50:49,1,
,0.004550000000000054,4.3495002476473505,0.401099,pyramid_blocked,False,KSM-USDT-SWAP,4.349,0.041005,4.3508249999999995,недостаточный прогресс 0.11 ATR,6057.0,progress_below_threshold,short,4.3617,20260324_204659_KSM-USDT-SWAP_short,2026-03-24 20:50:49,1,0.041005
,0.02900000000000009,19.03,,pyramid_strategy_check,False,COMP-USDT-SWAP,19.05,,19.025,candle_ts=1774374300000,1368.6,,short,19.099999999999998,20260324_204700_COMP-USDT-SWAP_short,2026-03-24 20:50:49,1,
,0.9775000000000063,372.98536189069426,,pyramid_strategy_check,False,TSLA-USDT-SWAP,380.16,,379.69775,candle_ts=1774374300000,677.0,,short,381.209,20260324_204702_TSLA-USDT-SWAP_short,2026-03-24 20:50:50,1,
,0.06249999999999858,55.34,,pyramid_strategy_check,False,LTC-USDT-SWAP,55.35,,55.319,candle_ts=1774374300000,45.9,,short,55.474,20260324_204704_LTC-USDT-SWAP_short,2026-03-24 20:50:51,1,
,0.24450000000000002,88.83,,pyramid_strategy_check,False,SOL-USDT-SWAP,88.83,,88.70625,candle_ts=1774374300000,28.54,,short,89.325,20260324_205005_SOL-USDT-SWAP_short,2026-03-24 20:50:52,1,
,0.005750000000000055,4.669,,pyramid_strategy_check,False,AUCTION-USDT-SWAP,4.673,,4.666124999999999,candle_ts=1774374300000,5570.6,,short,4.680499999999999,20260324_205328_AUCTION-USDT-SWAP_short,2026-03-24 20:53:44,1,
,0.020950000000000378,9.353865793780688,,pyramid_strategy_check,False,AVAX-USDT-SWAP,9.359,,9.3446,candle_ts=1774374600000,305.5,,short,9.396600000000001,20260324_204642_AVAX-USDT-SWAP_short,2026-03-24 20:56:21,1,
,0.025750000000000207,9.013,,pyramid_strategy_check,False,LINK-USDT-SWAP,9.028,,9.00205,candle_ts=1774374600000,311.22,,short,9.0668,20260324_204646_LINK-USDT-SWAP_short,2026-03-24 20:56:22,1,
,0.00024500000000000075,0.09245,,pyramid_strategy_check,False,DOGE-USDT-SWAP,0.09245,,0.09232625,candle_ts=1774374600000,29.61,,short,0.092945,20260324_204651_DOGE-USDT-SWAP_short,2026-03-24 20:56:23,1,
,0.005599999999999983,2.987,,pyramid_strategy_check,False,INJ-USDT-SWAP,2.99,,2.984175,candle_ts=1774374600000,8952.0,,short,2.9983,20260324_204655_INJ-USDT-SWAP_short,2026-03-24 20:56:24,1,
,0.004100000000000126,2.3394093072957065,,pyramid_strategy_check,False,ICP-USDT-SWAP,2.344,,2.34095,candle_ts=1774374600000,113328.3,,short,2.3512000000000004,20260324_204657_ICP-USDT-SWAP_short,2026-03-24 20:56:32,1,
,0.004100000000000126,2.3394093072957065,,pyramid_blocked,False,ICP-USDT-SWAP,2.344,,2.34095,exchange_stop_place_error,113328.3,stop_not_active,short,2.3512000000000004,20260324_204657_ICP-USDT-SWAP_short,2026-03-24 20:56:32,1,
,0.004650000000000043,4.3495002476473505,,pyramid_strategy_check,False,KSM-USDT-SWAP,4.354,,4.3508249999999995,candle_ts=1774374600000,6057.0,,short,4.3617,20260324_204659_KSM-USDT-SWAP_short,2026-03-24 20:56:41,1,
,0.004650000000000043,4.3495002476473505,,pyramid_blocked,False,KSM-USDT-SWAP,4.354,,4.3508249999999995,position_absent_on_exchange,6057.0,stop_not_active,short,4.3617,20260324_204659_KSM-USDT-SWAP_short,2026-03-24 20:56:41,1,
,0.027500000000000035,19.03,,pyramid_strategy_check,False,COMP-USDT-SWAP,19.05,,19.025,candle_ts=1774374600000,1368.6,,short,19.099999999999998,20260324_204700_COMP-USDT-SWAP_short,2026-03-24 20:56:49,1,
,0.027500000000000035,19.03,,pyramid_blocked,False,COMP-USDT-SWAP,19.05,,19.025,exchange_stop_place_error,1368.6,stop_not_active,short,19.099999999999998,20260324_204700_COMP-USDT-SWAP_short,2026-03-24 20:56:49,1,
,0.9765000000000044,372.98536189069426,,pyramid_strategy_check,False,TSLA-USDT-SWAP,380.04,,379.69775,candle_ts=1774374600000,677.0,,short,381.209,20260324_204702_TSLA-USDT-SWAP_short,2026-03-24 20:56:57,1,
,0.9765000000000044,372.98536189069426,,pyramid_blocked,False,TSLA-USDT-SWAP,380.04,,379.69775,position_absent_on_exchange,677.0,stop_not_active,short,381.209,20260324_204702_TSLA-USDT-SWAP_short,2026-03-24 20:56:57,1,
,0.06249999999999858,55.34,,pyramid_strategy_check,False,LTC-USDT-SWAP,55.34,,55.319,candle_ts=1774374600000,45.9,,short,55.474,20260324_204704_LTC-USDT-SWAP_short,2026-03-24 20:57:04,1,
,0.06249999999999858,55.34,,pyramid_blocked,False,LTC-USDT-SWAP,55.34,,55.319,exchange_stop_place_error,45.9,stop_not_active,short,55.474,20260324_204704_LTC-USDT-SWAP_short,2026-03-24 20:57:04,1,
,0.24750000000000014,88.80089698668536,,pyramid_strategy_check,False,SOL-USDT-SWAP,88.96,,88.70625,candle_ts=1774374600000,28.54,,short,89.325,20260324_205005_SOL-USDT-SWAP_short,2026-03-24 20:57:06,1,
,0.005900000000000061,4.666846623343985,,pyramid_strategy_check,False,AUCTION-USDT-SWAP,4.67,,4.666124999999999,candle_ts=1774374600000,5570.6,,short,4.680499999999999,20260324_205328_AUCTION-USDT-SWAP_short,2026-03-24 20:57:08,1,
,6.249999999999901e-05,0.05963,,pyramid_strategy_check,False,MAGIC-USDT-SWAP,0.05963,,0.059598750000000006,candle_ts=1774374600000,43541.0,,short,0.059755,20260324_205618_MAGIC-USDT-SWAP_short,2026-03-24 20:57:34,1,
,6.249999999999901e-05,0.05963,,pyramid_blocked,False,MAGIC-USDT-SWAP,0.05963,,0.059598750000000006,position_absent_on_exchange,43541.0,stop_not_active,short,0.059755,20260324_205618_MAGIC-USDT-SWAP_short,2026-03-24 20:57:34,1,
,6.249999999999901e-05,0.05989,,pyramid_strategy_check,False,MAGIC-USDT-SWAP,0.05963,,0.05985875,candle_ts=1774374600000,44657.0,,short,0.060015,20260324_205920_MAGIC-USDT-SWAP_short,2026-03-24 20:59:47,1,
44657.0,6.249999999999901e-05,0.0598287657030253,3.66,pyramid_added,False,MAGIC-USDT-SWAP,0.0598287657030253,1.067288,0.0597975157030253,candle_ts=1774374600000,44657.0,,short,0.060015,20260324_205920_MAGIC-USDT-SWAP_short,2026-03-24 20:59:47,2,0.0
,0.021150000000000356,9.353865793780688,,pyramid_strategy_check,False,AVAX-USDT-SWAP,9.373,,9.3446,candle_ts=1774374900000,305.5,,short,9.396600000000001,20260324_204642_AVAX-USDT-SWAP_short,2026-03-24 21:02:02,1,
,0.026550000000000205,9.013,,pyramid_strategy_check,False,LINK-USDT-SWAP,9.045,,9.00205,candle_ts=1774374900000,311.22,,short,9.0668,20260324_204646_LINK-USDT-SWAP_short,2026-03-24 21:02:03,1,
,0.0002475000000000005,0.09245,,pyramid_strategy_check,False,DOGE-USDT-SWAP,0.0926,,0.09232625,candle_ts=1774374900000,29.61,,short,0.092945,20260324_204651_DOGE-USDT-SWAP_short,2026-03-24 21:02:04,1,
,0.004100000000000126,2.3394093072957065,,pyramid_strategy_check,False,ICP-USDT-SWAP,2.347,,2.34095,candle_ts=1774374900000,113328.3,,short,2.3512000000000004,20260324_204657_ICP-USDT-SWAP_short,2026-03-24 21:02:10,1,
,0.004100000000000126,2.3394093072957065,,pyramid_blocked,False,ICP-USDT-SWAP,2.347,,2.34095,exchange_stop_place_error,113328.3,stop_not_active,short,2.3512000000000004,20260324_204657_ICP-USDT-SWAP_short,2026-03-24 21:02:10,1,
,0.06299999999999883,55.34,,pyramid_strategy_check,False,LTC-USDT-SWAP,55.33,,55.319,candle_ts=1774374900000,45.9,,short,55.474,20260324_204704_LTC-USDT-SWAP_short,2026-03-24 21:02:15,1,
,0.06299999999999883,55.34,,pyramid_blocked,False,LTC-USDT-SWAP,55.33,,55.319,exchange_stop_place_error,45.9,stop_not_active,short,55.474,20260324_204704_LTC-USDT-SWAP_short,2026-03-24 21:02:15,1,
,0.25300000000000084,88.80089698668536,,pyramid_strategy_check,False,SOL-USDT-SWAP,89.11,,88.70625,candle_ts=1774374900000,28.54,,short,89.325,20260324_205005_SOL-USDT-SWAP_short,2026-03-24 21:02:16,1,
,0.005950000000000078,4.666846623343985,,pyramid_strategy_check,False,AUCTION-USDT-SWAP,4.676,,4.666124999999999,candle_ts=1774374900000,5570.6,,short,4.680499999999999,20260324_205328_AUCTION-USDT-SWAP_short,2026-03-24 21:02:23,1,
,0.005950000000000078,4.666846623343985,,pyramid_blocked,False,AUCTION-USDT-SWAP,4.676,,4.666124999999999,position_absent_on_exchange,5570.6,stop_not_active,short,4.680499999999999,20260324_205328_AUCTION-USDT-SWAP_short,2026-03-24 21:02:23,1,
,7.549999999999883e-05,0.0598225104686836,,pyramid_strategy_check,False,MAGIC-USDT-SWAP,0.05975,,0.0597975157030253,candle_ts=1774374900000,89314.0,,short,0.060015,20260324_205920_MAGIC-USDT-SWAP_short,2026-03-24 21:02:29,2,
,7.549999999999883e-05,0.0598225104686836,,pyramid_blocked,False,MAGIC-USDT-SWAP,0.05975,,0.0597975157030253,position_absent_on_exchange,89314.0,stop_not_active,short,0.060015,20260324_205920_MAGIC-USDT-SWAP_short,2026-03-24 21:02:29,2,
,0.021650000000000346,9.353865793780688,,pyramid_strategy_check,False,AVAX-USDT-SWAP,9.382,,9.3446,candle_ts=1774375200000,305.5,,short,9.396600000000001,20260324_204642_AVAX-USDT-SWAP_short,2026-03-24 21:05:10,1,
,0.026750000000000183,9.013,,pyramid_strategy_check,False,LINK-USDT-SWAP,9.04,,9.00205,candle_ts=1774375200000,311.22,,short,9.0668,20260324_204646_LINK-USDT-SWAP_short,2026-03-24 21:05:11,1,
,0.0002475000000000005,0.09245,,pyramid_strategy_check,False,DOGE-USDT-SWAP,0.0926,,0.09232625,candle_ts=1774375200000,29.61,,short,0.092945,20260324_204651_DOGE-USDT-SWAP_short,2026-03-24 21:05:13,1,
,0.003850000000000109,2.3394093072957065,,pyramid_strategy_check,False,ICP-USDT-SWAP,2.348,,2.34095,candle_ts=1774375200000,113328.3,,short,2.3512000000000004,20260324_204657_ICP-USDT-SWAP_short,2026-03-24 21:05:19,1,
,0.003850000000000109,2.3394093072957065,,pyramid_blocked,False,ICP-USDT-SWAP,2.348,,2.34095,exchange_stop_place_error,113328.3,stop_not_active,short,2.3512000000000004,20260324_204657_ICP-USDT-SWAP_short,2026-03-24 21:05:19,1,
,0.06149999999999878,55.34,,pyramid_strategy_check,False,LTC-USDT-SWAP,55.33,,55.319,candle_ts=1774375200000,45.9,,short,55.474,20260324_204704_LTC-USDT-SWAP_short,2026-03-24 21:05:26,1,
,0.06149999999999878,55.34,,pyramid_blocked,False,LTC-USDT-SWAP,55.33,,55.319,exchange_stop_place_error,45.9,stop_not_active,short,55.474,20260324_204704_LTC-USDT-SWAP_short,2026-03-24 21:05:26,1,
,0.25600000000000095,88.80089698668536,,pyramid_strategy_check,False,SOL-USDT-SWAP,89.07,,88.70625,candle_ts=1774375200000,28.54,,short,89.325,20260324_205005_SOL-USDT-SWAP_short,2026-03-24 21:05:27,1,
,0.026250000000000197,9.013,,pyramid_strategy_check,False,LINK-USDT-SWAP,9.049,,9.00205,candle_ts=1774375500000,311.22,,short,9.0668,20260324_204646_LINK-USDT-SWAP_short,2026-03-24 21:10:22,1,
,0.0002474999999999998,0.09245,,pyramid_strategy_check,False,DOGE-USDT-SWAP,0.0927,,0.09232625,candle_ts=1774375500000,29.61,,short,0.092945,20260324_204651_DOGE-USDT-SWAP_short,2026-03-24 21:10:23,1,
,0.0032500000000001083,2.3394093072957065,,pyramid_strategy_check,False,ICP-USDT-SWAP,2.348,,2.34095,candle_ts=1774375500000,113328.3,,short,2.3512000000000004,20260324_204657_ICP-USDT-SWAP_short,2026-03-24 21:10:29,1,
,0.0032500000000001083,2.3394093072957065,,pyramid_blocked,False,ICP-USDT-SWAP,2.348,,2.34095,exchange_stop_place_error,113328.3,stop_not_active,short,2.3512000000000004,20260324_204657_ICP-USDT-SWAP_short,2026-03-24 21:10:29,1,
,0.0629999999999992,55.34,,pyramid_strategy_check,False,LTC-USDT-SWAP,55.39,,55.319,candle_ts=1774375500000,45.9,,short,55.474,20260324_204704_LTC-USDT-SWAP_short,2026-03-24 21:10:35,1,
,0.0629999999999992,55.34,,pyramid_blocked,False,LTC-USDT-SWAP,55.39,,55.319,exchange_stop_place_error,45.9,stop_not_active,short,55.474,20260324_204704_LTC-USDT-SWAP_short,2026-03-24 21:10:35,1,
,0.2510000000000012,88.80089698668536,,pyramid_strategy_check,False,SOL-USDT-SWAP,89.16,,88.70625,candle_ts=1774375500000,28.54,,short,89.325,20260324_205005_SOL-USDT-SWAP_short,2026-03-24 21:10:36,1,
,0.025800000000000177,9.013,,pyramid_strategy_check,False,LINK-USDT-SWAP,9.052,,9.00205,candle_ts=1774375800000,311.22,,short,9.0668,20260324_204646_LINK-USDT-SWAP_short,2026-03-24 21:15:56,1,
,0.0002475000000000005,0.09245,,pyramid_strategy_check,False,DOGE-USDT-SWAP,0.09265,,0.09232625,candle_ts=1774375800000,29.61,,short,0.092945,20260324_204651_DOGE-USDT-SWAP_short,2026-03-24 21:15:58,1,
,0.0033000000000001028,2.3394093072957065,,pyramid_strategy_check,False,ICP-USDT-SWAP,2.346,,2.34095,candle_ts=1774375800000,113328.3,,short,2.3512000000000004,20260324_204657_ICP-USDT-SWAP_short,2026-03-24 21:16:06,1,
,0.0033000000000001028,2.3394093072957065,,pyramid_blocked,False,ICP-USDT-SWAP,2.346,,2.34095,exchange_stop_place_error,113328.3,stop_not_active,short,2.3512000000000004,20260324_204657_ICP-USDT-SWAP_short,2026-03-24 21:16:06,1,
,0.06649999999999956,55.34,,pyramid_strategy_check,False,LTC-USDT-SWAP,55.44,,55.319,candle_ts=1774375800000,45.9,,short,55.462999999999994,20260324_204704_LTC-USDT-SWAP_short,2026-03-24 21:16:08,1,
,0.24650000000000105,88.80089698668536,,pyramid_strategy_check,False,SOL-USDT-SWAP,89.13,,88.70625,candle_ts=1774375800000,28.54,,short,89.325,20260324_205005_SOL-USDT-SWAP_short,2026-03-24 21:16:10,1,
,0.024950000000000205,9.013,,pyramid_strategy_check,False,LINK-USDT-SWAP,9.071,,9.00205,candle_ts=1774376100000,311.22,,short,9.0668,20260324_204646_LINK-USDT-SWAP_short,2026-03-24 21:20:34,1,
,0.024950000000000205,9.013,,pyramid_blocked,False,LINK-USDT-SWAP,9.071,,9.00205,position_absent_on_exchange,311.22,stop_not_active,short,9.0668,20260324_204646_LINK-USDT-SWAP_short,2026-03-24 21:20:34,1,
,0.00023500000000000119,0.09245,,pyramid_strategy_check,False,DOGE-USDT-SWAP,0.09255,,0.09232625,candle_ts=1774376100000,29.61,,short,0.09292,20260324_204651_DOGE-USDT-SWAP_short,2026-03-24 21:20:36,1,
,0.0032000000000001138,2.3394093072957065,,pyramid_strategy_check,False,ICP-USDT-SWAP,2.346,,2.34095,candle_ts=1774376100000,113328.3,,short,2.3512000000000004,20260324_204657_ICP-USDT-SWAP_short,2026-03-24 21:20:44,1,
,0.0032000000000001138,2.3394093072957065,,pyramid_blocked,False,ICP-USDT-SWAP,2.346,,2.34095,exchange_stop_place_error,113328.3,stop_not_active,short,2.3512000000000004,20260324_204657_ICP-USDT-SWAP_short,2026-03-24 21:20:44,1,
,0.23100000000000093,88.80089698668536,,pyramid_strategy_check,False,SOL-USDT-SWAP,89.14,,88.70625,candle_ts=1774376100000,28.54,,short,89.325,20260324_205005_SOL-USDT-SWAP_short,2026-03-24 21:20:51,1,
,0.23100000000000093,88.80089698668536,,pyramid_blocked,False,SOL-USDT-SWAP,89.14,,88.70625,exchange_stop_place_error,28.54,stop_not_active,short,89.325,20260324_205005_SOL-USDT-SWAP_short,2026-03-24 21:20:51,1,
,0.00022250000000000118,0.09245,,pyramid_strategy_check,False,DOGE-USDT-SWAP,0.09265,,0.09232625,candle_ts=1774376400000,29.61,,short,0.09292,20260324_204651_DOGE-USDT-SWAP_short,2026-03-24 21:25:51,1,
,0.00022250000000000118,0.09245,,pyramid_blocked,False,DOGE-USDT-SWAP,0.09265,,0.09232625,exchange_stop_place_error,29.61,stop_not_active,short,0.09292,20260324_204651_DOGE-USDT-SWAP_short,2026-03-24 21:25:51,1,
,0.002950000000000097,2.3394093072957065,,pyramid_strategy_check,False,ICP-USDT-SWAP,2.346,,2.34095,candle_ts=1774376400000,113328.3,,short,2.3512000000000004,20260324_204657_ICP-USDT-SWAP_short,2026-03-24 21:25:57,1,
,0.002950000000000097,2.3394093072957065,,pyramid_blocked,False,ICP-USDT-SWAP,2.346,,2.34095,exchange_stop_place_error,113328.3,stop_not_active,short,2.3512000000000004,20260324_204657_ICP-USDT-SWAP_short,2026-03-24 21:25:57,1,
,0.22250000000000086,88.80089698668536,,pyramid_strategy_check,False,SOL-USDT-SWAP,89.15,,88.70625,candle_ts=1774376400000,28.54,,short,89.325,20260324_205005_SOL-USDT-SWAP_short,2026-03-24 21:26:02,1,
,0.22250000000000086,88.80089698668536,,pyramid_blocked,False,SOL-USDT-SWAP,89.15,,88.70625,exchange_stop_place_error,28.54,stop_not_active,short,89.325,20260324_205005_SOL-USDT-SWAP_short,2026-03-24 21:26:02,1,
,0.0002150000000000013,0.09245,,pyramid_strategy_check,False,DOGE-USDT-SWAP,0.0926,,0.09232625,candle_ts=1774376700000,29.61,,short,0.09292,20260324_204651_DOGE-USDT-SWAP_short,2026-03-24 21:31:02,1,
,0.0002150000000000013,0.09245,,pyramid_blocked,False,DOGE-USDT-SWAP,0.0926,,0.09232625,exchange_stop_place_error,29.61,stop_not_active,short,0.09292,20260324_204651_DOGE-USDT-SWAP_short,2026-03-24 21:31:02,1,
,0.002850000000000086,2.3394093072957065,,pyramid_strategy_check,False,ICP-USDT-SWAP,2.346,,2.34095,candle_ts=1774376700000,113328.3,,short,2.3512000000000004,20260324_204657_ICP-USDT-SWAP_short,2026-03-24 21:31:08,1,
,0.002850000000000086,2.3394093072957065,,pyramid_blocked,False,ICP-USDT-SWAP,2.346,,2.34095,exchange_stop_place_error,113328.3,stop_not_active,short,2.3512000000000004,20260324_204657_ICP-USDT-SWAP_short,2026-03-24 21:31:08,1,
,0.21950000000000075,88.80089698668536,,pyramid_strategy_check,False,SOL-USDT-SWAP,89.12,,88.70625,candle_ts=1774376700000,28.54,,short,89.325,20260324_205005_SOL-USDT-SWAP_short,2026-03-24 21:31:13,1,
,0.21950000000000075,88.80089698668536,,pyramid_blocked,False,SOL-USDT-SWAP,89.12,,88.70625,exchange_stop_place_error,28.54,stop_not_active,short,89.325,20260324_205005_SOL-USDT-SWAP_short,2026-03-24 21:31:13,1,
,0.00022250000000000048,0.09245,,pyramid_strategy_check,False,DOGE-USDT-SWAP,0.09285,,0.09232625,candle_ts=1774377000000,29.61,,short,0.09292,20260324_204651_DOGE-USDT-SWAP_short,2026-03-24 21:36:51,1,
,0.00022250000000000048,0.09245,,pyramid_blocked,False,DOGE-USDT-SWAP,0.09285,,0.09232625,position_absent_on_exchange,29.61,stop_not_active,short,0.09292,20260324_204651_DOGE-USDT-SWAP_short,2026-03-24 21:36:51,1,
,0.002950000000000075,2.3394093072957065,,pyramid_strategy_check,False,ICP-USDT-SWAP,2.348,,2.34095,candle_ts=1774377000000,113328.3,,short,2.3512000000000004,20260324_204657_ICP-USDT-SWAP_short,2026-03-24 21:36:59,1,
,0.002950000000000075,2.3394093072957065,,pyramid_blocked,False,ICP-USDT-SWAP,2.348,,2.34095,exchange_stop_place_error,113328.3,stop_not_active,short,2.3512000000000004,20260324_204657_ICP-USDT-SWAP_short,2026-03-24 21:36:59,1,
,0.22350000000000064,88.80089698668536,,pyramid_strategy_check,False,SOL-USDT-SWAP,89.19,,88.70625,candle_ts=1774377000000,28.54,,short,89.325,20260324_205005_SOL-USDT-SWAP_short,2026-03-24 21:37:09,1,
,0.22350000000000064,88.80089698668536,,pyramid_blocked,False,SOL-USDT-SWAP,89.19,,88.70625,position_absent_on_exchange,28.54,stop_not_active,short,89.325,20260324_205005_SOL-USDT-SWAP_short,2026-03-24 21:37:09,1,
,0.004250000000000043,4.384,,pyramid_strategy_check,False,KSM-USDT-SWAP,4.384,,4.386125000000001,candle_ts=1774377000000,6315.0,,long,4.375500000000001,20260324_213640_KSM-USDT-SWAP_long,2026-03-24 21:37:11,1,
,0.004700000000000015,4.391047505938243,,pyramid_strategy_check,False,KSM-USDT-SWAP,4.387,,4.386125000000001,candle_ts=1774377300000,6315.0,,long,4.375500000000001,20260324_213640_KSM-USDT-SWAP_long,2026-03-24 21:42:08,1,
6315.0,0.004700000000000015,4.391047505938243,0.18617,pyramid_added,False,KSM-USDT-SWAP,4.391047505938243,0.0,4.393397505938243,candle_ts=1774377300000,6315.0,,long,4.375500000000001,20260324_213640_KSM-USDT-SWAP_long,2026-03-24 21:42:09,2,0.0
,0.001918999999999993,0.93655,,pyramid_strategy_check,False,SUI-USDT-SWAP,0.93796,,0.9375095,candle_ts=1774377300000,3005.0,,long,0.932712,20260324_214155_SUI-USDT-SWAP_long,2026-03-24 21:42:11,1,
3005.0,0.001918999999999993,0.9366884858569052,0.234758,pyramid_added,False,SUI-USDT-SWAP,0.9366884858569052,0.0,0.9376479858569052,candle_ts=1774377300000,3005.0,,long,0.932712,20260324_214155_SUI-USDT-SWAP_long,2026-03-24 21:42:11,2,0.0
,0.0034500000000000086,1.378,,pyramid_strategy_check,False,DOT-USDT-SWAP,1.377,,1.3797249999999999,candle_ts=1774377300000,2028.1,,long,1.3710999999999998,20260324_214157_DOT-USDT-SWAP_long,2026-03-24 21:42:14,1,
,0.0030899999999999817,1.2911,,pyramid_strategy_check,False,NEAR-USDT-SWAP,1.292,,1.2926449999999998,candle_ts=1774377300000,213.9,,long,1.28492,20260324_214200_NEAR-USDT-SWAP_long,2026-03-24 21:42:16,1,
,0.0002300000000000038,0.1526,,pyramid_strategy_check,False,IMX-USDT-SWAP,0.1528,,0.15271500000000002,candle_ts=1774377300000,17888.0,,long,0.15214,20260324_214202_IMX-USDT-SWAP_long,2026-03-24 21:42:44,1,
,0.0002300000000000038,0.1526,,pyramid_blocked,False,IMX-USDT-SWAP,0.1528,,0.15271500000000002,exchange_stop_place_error,17888.0,stop_not_active,long,0.15214,20260324_214202_IMX-USDT-SWAP_long,2026-03-24 21:42:44,1,
,0.0016000000000000014,0.911,,pyramid_strategy_check,False,FIL-USDT-SWAP,0.912,,0.9118,candle_ts=1774377300000,29614.0,,long,0.9078,20260324_214205_FIL-USDT-SWAP_long,2026-03-24 21:43:12,1,
,0.0016000000000000014,0.911,,pyramid_blocked,False,FIL-USDT-SWAP,0.912,,0.9118,exchange_stop_place_error,29614.0,stop_not_active,long,0.9078,20260324_214205_FIL-USDT-SWAP_long,2026-03-24 21:43:12,1,
,0.005049999999999999,4.390212826603325,,pyramid_strategy_check,False,KSM-USDT-SWAP,4.384,,4.393397505938243,candle_ts=1774377600000,12630.0,,long,4.375500000000001,20260324_213640_KSM-USDT-SWAP_long,2026-03-24 21:45:08,2,
,0.005049999999999999,4.390212826603325,,pyramid_blocked,False,KSM-USDT-SWAP,4.384,,4.393397505938243,exchange_stop_place_error,12630.0,stop_not_active,long,4.375500000000001,20260324_213640_KSM-USDT-SWAP_long,2026-03-24 21:45:08,2,
,0.0018949999999999857,0.9365266389351083,,pyramid_strategy_check,False,SUI-USDT-SWAP,0.93526,,0.9376479858569052,candle_ts=1774377600000,6010.0,,long,0.932712,20260324_214155_SUI-USDT-SWAP_long,2026-03-24 21:45:10,2,
,0.003500000000000003,1.378,,pyramid_strategy_check,False,DOT-USDT-SWAP,1.375,,1.3797249999999999,candle_ts=1774377600000,2028.1,,long,1.3710999999999998,20260324_214157_DOT-USDT-SWAP_long,2026-03-24 21:45:11,1,
,0.002854999999999985,1.2906075736325386,,pyramid_strategy_check,False,NEAR-USDT-SWAP,1.2902,,1.2926449999999998,candle_ts=1774377600000,213.9,,long,1.28492,20260324_214200_NEAR-USDT-SWAP_long,2026-03-24 21:45:13,1,
,0.2784999999999975,109.07,,pyramid_strategy_check,False,AAVE-USDT-SWAP,109.01,,109.208,candle_ts=1774377600000,242.5,,long,108.518,20260324_214459_AAVE-USDT-SWAP_long,2026-03-24 21:45:53,1,
