action_taken,condition,condition_result,context_json_short,decision_type,inst_id,reason_code,reason_text,stage,timestamp,trade_id
False,нет свежего пробоя Donchian на последней закрытой свече,False,"{""score"": null, ""liquidity_score"": null, ""breakout_distance_atr"": null, ""freshness_score"": null}",ENTRY_CHECK,1INCH-USDT-SWAP,no_fresh_breakout,нет свежего пробоя Donchian на последней закрытой свече,rejected,2026-03-16 15:49:30,
False,нет свежего пробоя Donchian на последней закрытой свече,False,"{""score"": null, ""liquidity_score"": null, ""breakout_distance_atr"": null, ""freshness_score"": null}",ENTRY_CHECK,2Z-USDT-SWAP,no_fresh_breakout,нет свежего пробоя Donchian на последней закрытой свече,rejected,2026-03-16 15:49:30,
False,нет свежего пробоя Donchian на последней закрытой свече,False,"{""score"": null, ""liquidity_score"": null, ""breakout_distance_atr"": null, ""freshness_score"": null}",ENTRY_CHECK,A-USDT-SWAP,no_fresh_breakout,нет свежего пробоя Donchian на последней закрытой свече,rejected,2026-03-16 15:49:30,
False,нет свежего пробоя Donchian на последней закрытой свече,False,"{""score"": null, ""liquidity_score"": null, ""breakout_distance_atr"": null, ""freshness_score"": null}",ENTRY_CHECK,AAVE-USDT-SWAP,no_fresh_breakout,нет свежего пробоя Donchian на последней закрытой свече,rejected,2026-03-16 15:49:31,
False,нет свежего пробоя Donchian на последней закрытой свече,False,"{""score"": null, ""liquidity_score"": null, ""breakout_distance_atr"": null, ""freshness_score"": null}",ENTRY_CHECK,ACT-USDT-SWAP,no_fresh_breakout,нет свежего пробоя Donchian на последней закрытой свече,rejected,2026-03-16 15:49:31,
False,нет свежего пробоя Donchian на последней закрытой свече,False,"{""score"": null, ""liquidity_score"": null, ""breakout_distance_atr"": null, ""freshness_score"": null}",ENTRY_CHECK,ADA-USDT-SWAP,no_fresh_breakout,нет свежего пробоя Donchian на последней закрытой свече,rejected,2026-03-16 15:49:31,
False,нет свежего пробоя Donchian на последней закрытой свече,False,"{""score"": null, ""liquidity_score"": null, ""breakout_distance_atr"": null, ""freshness_score"": null}",ENTRY_CHECK,AI16Z-USDT-SWAP,no_fresh_breakout,нет свежего пробоя Donchian на последней закрытой свече,rejected,2026-03-16 15:49:31,
False,ATR warmup: цена или ATR недоступны после прогрева,False,"{""score"": null, ""liquidity_score"": null, ""breakout_distance_atr"": null, ""freshness_score"": null}",ENTRY_CHECK,AKITA-USDT-SWAP,atr_warmup:_цена_или_atr_недоступны_после_прогрева,ATR warmup: цена или ATR недоступны после прогрева,rejected,2026-03-16 15:49:31,
False,нет свежего пробоя Donchian на последней закрытой свече,False,"{""score"": null, ""liquidity_score"": null, ""breakout_distance_atr"": null, ""freshness_score"": null}",ENTRY_CHECK,ALGO-USDT-SWAP,no_fresh_breakout,нет свежего пробоя Donchian на последней закрытой свече,rejected,2026-03-16 15:49:31,
False,нет свежего пробоя Donchian на последней закрытой свече,False,"{""score"": null, ""liquidity_score"": null, ""breakout_distance_atr"": null, ""freshness_score"": null}",ENTRY_CHECK,ARB-USDT-SWAP,no_fresh_breakout,нет свежего пробоя Donchian на последней закрытой свече,rejected,2026-03-16 15:49:31,
False,ATR warmup: цена или ATR недоступны после прогрева,False,"{""score"": null, ""liquidity_score"": null, ""breakout_distance_atr"": null, ""freshness_score"": null}",ENTRY_CHECK,ASP-USDT-SWAP,atr_warmup:_цена_или_atr_недоступны_после_прогрева,ATR warmup: цена или ATR недоступны после прогрева,rejected,2026-03-16 15:49:31,
False,закрытие не удержалось ниже канала,False,"{""score"": null, ""liquidity_score"": null, ""breakout_distance_atr"": null, ""freshness_score"": null}",ENTRY_CHECK,ASTER-USDT-SWAP,закрытие_не_удержалось_ниже_канала,закрытие не удержалось ниже канала,rejected,2026-03-16 15:49:31,
False,нет свежего пробоя Donchian на последней закрытой свече,False,"{""score"": null, ""liquidity_score"": null, ""breakout_distance_atr"": null, ""freshness_score"": null}",ENTRY_CHECK,ATOM-USDT-SWAP,no_fresh_breakout,нет свежего пробоя Donchian на последней закрытой свече,rejected,2026-03-16 15:49:31,
False,нет свежего пробоя Donchian на последней закрытой свече,False,"{""score"": null, ""liquidity_score"": null, ""breakout_distance_atr"": null, ""freshness_score"": null}",ENTRY_CHECK,AUCTION-USDT-SWAP,no_fresh_breakout,нет свежего пробоя Donchian на последней закрытой свече,rejected,2026-03-16 15:49:32,
False,нет свежего пробоя Donchian на последней закрытой свече,False,"{""score"": null, ""liquidity_score"": null, ""breakout_distance_atr"": null, ""freshness_score"": null}",ENTRY_CHECK,AVAX-USDT-SWAP,no_fresh_breakout,нет свежего пробоя Donchian на последней закрытой свече,rejected,2026-03-16 15:49:32,
False,нет свежего пробоя Donchian на последней закрытой свече,False,"{""score"": null, ""liquidity_score"": null, ""breakout_distance_atr"": null, ""freshness_score"": null}",ENTRY_CHECK,AXS-USDT-SWAP,no_fresh_breakout,нет свежего пробоя Donchian на последней закрытой свече,rejected,2026-03-16 15:49:32,
False,нет свежего пробоя Donchian на последней закрытой свече,False,"{""score"": null, ""liquidity_score"": null, ""breakout_distance_atr"": null, ""freshness_score"": null}",ENTRY_CHECK,BAND-USDT-SWAP,no_fresh_breakout,нет свежего пробоя Donchian на последней закрытой свече,rejected,2026-03-16 15:49:33,
False,нет свежего пробоя Donchian на последней закрытой свече,False,"{""score"": null, ""liquidity_score"": null, ""breakout_distance_atr"": null, ""freshness_score"": null}",ENTRY_CHECK,BCH-USDT-SWAP,no_fresh_breakout,нет свежего пробоя Donchian на последней закрытой свече,rejected,2026-03-16 15:49:33,
False,нет свежего пробоя Donchian на последней закрытой свече,False,"{""score"": null, ""liquidity_score"": null, ""breakout_distance_atr"": null, ""freshness_score"": null}",ENTRY_CHECK,BIO-USDT-SWAP,no_fresh_breakout,нет свежего пробоя Donchian на последней закрытой свече,rejected,2026-03-16 15:49:33,
False,ATR warmup: цена или ATR недоступны после прогрева,False,"{""score"": null, ""liquidity_score"": null, ""breakout_distance_atr"": null, ""freshness_score"": null}",ENTRY_CHECK,BLUAI-USDT-SWAP,atr_warmup:_цена_или_atr_недоступны_после_прогрева,ATR warmup: цена или ATR недоступны после прогрева,rejected,2026-03-16 15:49:34,
False,нет свежего пробоя Donchian на последней закрытой свече,False,"{""score"": null, ""liquidity_score"": null, ""breakout_distance_atr"": null, ""freshness_score"": null}",ENTRY_CHECK,BNB-USDT-SWAP,no_fresh_breakout,нет свежего пробоя Donchian на последней закрытой свече,rejected,2026-03-16 15:49:34,
False,нет свежего пробоя Donchian на последней закрытой свече,False,"{""score"": null, ""liquidity_score"": null, ""breakout_distance_atr"": null, ""freshness_score"": null}",ENTRY_CHECK,BOME-USDT-SWAP,no_fresh_breakout,нет свежего пробоя Donchian на последней закрытой свече,rejected,2026-03-16 15:49:34,
False,нет свежего пробоя Donchian на последней закрытой свече,False,"{""score"": null, ""liquidity_score"": null, ""breakout_distance_atr"": null, ""freshness_score"": null}",ENTRY_CHECK,BRETT-USDT-SWAP,no_fresh_breakout,нет свежего пробоя Donchian на последней закрытой свече,rejected,2026-03-16 15:49:34,
False,нет свежего пробоя Donchian на последней закрытой свече,False,"{""score"": null, ""liquidity_score"": null, ""breakout_distance_atr"": null, ""freshness_score"": null}",ENTRY_CHECK,BTC-USDT-SWAP,no_fresh_breakout,нет свежего пробоя Donchian на последней закрытой свече,rejected,2026-03-16 15:49:35,
False,нет свежего пробоя Donchian на последней закрытой свече,False,"{""score"": null, ""liquidity_score"": null, ""breakout_distance_atr"": null, ""freshness_score"": null}",ENTRY_CHECK,CAT-USDT-SWAP,no_fresh_breakout,нет свежего пробоя Donchian на последней закрытой свече,rejected,2026-03-16 15:49:35,
False,нет свежего пробоя Donchian на последней закрытой свече,False,"{""score"": null, ""liquidity_score"": null, ""breakout_distance_atr"": null, ""freshness_score"": null}",ENTRY_CHECK,CATI-USDT-SWAP,no_fresh_breakout,нет свежего пробоя Donchian на последней закрытой свече,rejected,2026-03-16 15:49:35,
False,нет свежего пробоя Donchian на последней закрытой свече,False,"{""score"": null, ""liquidity_score"": null, ""breakout_distance_atr"": null, ""freshness_score"": null}",ENTRY_CHECK,CELO-USDT-SWAP,no_fresh_breakout,нет свежего пробоя Donchian на последней закрытой свече,rejected,2026-03-16 15:49:36,
False,нет свежего пробоя Donchian на последней закрытой свече,False,"{""score"": null, ""liquidity_score"": null, ""breakout_distance_atr"": null, ""freshness_score"": null}",ENTRY_CHECK,CFX-USDT-SWAP,no_fresh_breakout,нет свежего пробоя Donchian на последней закрытой свече,rejected,2026-03-16 15:49:36,
False,нет свежего пробоя Donchian на последней закрытой свече,False,"{""score"": null, ""liquidity_score"": null, ""breakout_distance_atr"": null, ""freshness_score"": null}",ENTRY_CHECK,CHZ-USDT-SWAP,no_fresh_breakout,нет свежего пробоя Donchian на последней закрытой свече,rejected,2026-03-16 15:49:36,
False,ATR warmup: цена или ATR недоступны после прогрева,False,"{""score"": null, ""liquidity_score"": null, ""breakout_distance_atr"": null, ""freshness_score"": null}",ENTRY_CHECK,COAI-USDT-SWAP,atr_warmup:_цена_или_atr_недоступны_после_прогрева,ATR warmup: цена или ATR недоступны после прогрева,rejected,2026-03-16 15:49:37,
False,нет свежего пробоя Donchian на последней закрытой свече,False,"{""score"": null, ""liquidity_score"": null, ""breakout_distance_atr"": null, ""freshness_score"": null}",ENTRY_CHECK,COMP-USDT-SWAP,no_fresh_breakout,нет свежего пробоя Donchian на последней закрытой свече,rejected,2026-03-16 15:49:37,
False,нет свежего пробоя Donchian на последней закрытой свече,False,"{""score"": null, ""liquidity_score"": null, ""breakout_distance_atr"": null, ""freshness_score"": null}",ENTRY_CHECK,CRO-USDT-SWAP,no_fresh_breakout,нет свежего пробоя Donchian на последней закрытой свече,rejected,2026-03-16 15:49:37,
False,нет свежего пробоя Donchian на последней закрытой свече,False,"{""score"": null, ""liquidity_score"": null, ""breakout_distance_atr"": null, ""freshness_score"": null}",ENTRY_CHECK,CRV-USDT-SWAP,no_fresh_breakout,нет свежего пробоя Donchian на последней закрытой свече,rejected,2026-03-16 15:49:37,
False,нет свежего пробоя Donchian на последней закрытой свече,False,"{""score"": null, ""liquidity_score"": null, ""breakout_distance_atr"": null, ""freshness_score"": null}",ENTRY_CHECK,DOGE-USDT-SWAP,no_fresh_breakout,нет свежего пробоя Donchian на последней закрытой свече,rejected,2026-03-16 15:49:38,
False,нет свежего пробоя Donchian на последней закрытой свече,False,"{""score"": null, ""liquidity_score"": null, ""breakout_distance_atr"": null, ""freshness_score"": null}",ENTRY_CHECK,DOT-USDT-SWAP,no_fresh_breakout,нет свежего пробоя Donchian на последней закрытой свече,rejected,2026-03-16 15:49:38,
False,нет свежего пробоя Donchian на последней закрытой свече,False,"{""score"": null, ""liquidity_score"": null, ""breakout_distance_atr"": null, ""freshness_score"": null}",ENTRY_CHECK,ENA-USDT-SWAP,no_fresh_breakout,нет свежего пробоя Donchian на последней закрытой свече,rejected,2026-03-16 15:49:38,
False,нет свежего пробоя Donchian на последней закрытой свече,False,"{""score"": null, ""liquidity_score"": null, ""breakout_distance_atr"": null, ""freshness_score"": null}",ENTRY_CHECK,EOS-USDT-SWAP,no_fresh_breakout,нет свежего пробоя Donchian на последней закрытой свече,rejected,2026-03-16 15:49:39,
False,нет свежего пробоя Donchian на последней закрытой свече,False,"{""score"": null, ""liquidity_score"": null, ""breakout_distance_atr"": null, ""freshness_score"": null}",ENTRY_CHECK,ETC-USDT-SWAP,no_fresh_breakout,нет свежего пробоя Donchian на последней закрытой свече,rejected,2026-03-16 15:49:39,
False,нет свежего пробоя Donchian на последней закрытой свече,False,"{""score"": null, ""liquidity_score"": null, ""breakout_distance_atr"": null, ""freshness_score"": null}",ENTRY_CHECK,ETHFI-USDT-SWAP,no_fresh_breakout,нет свежего пробоя Donchian на последней закрытой свече,rejected,2026-03-16 15:49:39,
False,нет свежего пробоя Donchian на последней закрытой свече,False,"{""score"": null, ""liquidity_score"": null, ""breakout_distance_atr"": null, ""freshness_score"": null}",ENTRY_CHECK,ETHW-USDT-SWAP,no_fresh_breakout,нет свежего пробоя Donchian на последней закрытой свече,rejected,2026-03-16 15:49:39,
False,нет свежего пробоя Donchian на последней закрытой свече,False,"{""score"": null, ""liquidity_score"": null, ""breakout_distance_atr"": null, ""freshness_score"": null}",ENTRY_CHECK,FIL-USDT-SWAP,no_fresh_breakout,нет свежего пробоя Donchian на последней закрытой свече,rejected,2026-03-16 15:49:40,
False,нет свежего пробоя Donchian на последней закрытой свече,False,"{""score"": null, ""liquidity_score"": null, ""breakout_distance_atr"": null, ""freshness_score"": null}",ENTRY_CHECK,FLOKI-USDT-SWAP,no_fresh_breakout,нет свежего пробоя Donchian на последней закрытой свече,rejected,2026-03-16 15:49:40,
False,нет свежего пробоя Donchian на последней закрытой свече,False,"{""score"": null, ""liquidity_score"": null, ""breakout_distance_atr"": null, ""freshness_score"": null}",ENTRY_CHECK,GMT-USDT-SWAP,no_fresh_breakout,нет свежего пробоя Donchian на последней закрытой свече,rejected,2026-03-16 15:49:40,
False,нет свежего пробоя Donchian на последней закрытой свече,False,"{""score"": null, ""liquidity_score"": null, ""breakout_distance_atr"": null, ""freshness_score"": null}",ENTRY_CHECK,H-USDT-SWAP,no_fresh_breakout,нет свежего пробоя Donchian на последней закрытой свече,rejected,2026-03-16 15:49:41,
False,нет свежего пробоя Donchian на последней закрытой свече,False,"{""score"": null, ""liquidity_score"": null, ""breakout_distance_atr"": null, ""freshness_score"": null}",ENTRY_CHECK,HBAR-USDT-SWAP,no_fresh_breakout,нет свежего пробоя Donchian на последней закрытой свече,rejected,2026-03-16 15:49:41,
False,ATR warmup: цена или ATR недоступны после прогрева,False,"{""score"": null, ""liquidity_score"": null, ""breakout_distance_atr"": null, ""freshness_score"": null}",ENTRY_CHECK,HMSTR-USDT-SWAP,atr_warmup:_цена_или_atr_недоступны_после_прогрева,ATR warmup: цена или ATR недоступны после прогрева,rejected,2026-03-16 15:49:41,
False,нет свежего пробоя Donchian на последней закрытой свече,False,"{""score"": null, ""liquidity_score"": null, ""breakout_distance_atr"": null, ""freshness_score"": null}",ENTRY_CHECK,HOME-USDT-SWAP,no_fresh_breakout,нет свежего пробоя Donchian на последней закрытой свече,rejected,2026-03-16 15:49:41,
False,ATR warmup: цена или ATR недоступны после прогрева,False,"{""score"": null, ""liquidity_score"": null, ""breakout_distance_atr"": null, ""freshness_score"": null}",ENTRY_CHECK,IMX-USDT-SWAP,atr_warmup:_цена_или_atr_недоступны_после_прогрева,ATR warmup: цена или ATR недоступны после прогрева,rejected,2026-03-16 15:49:42,
False,нет свежего пробоя Donchian на последней закрытой свече,False,"{""score"": null, ""liquidity_score"": null, ""breakout_distance_atr"": null, ""freshness_score"": null}",ENTRY_CHECK,INJ-USDT-SWAP,no_fresh_breakout,нет свежего пробоя Donchian на последней закрытой свече,rejected,2026-03-16 15:49:42,
False,нет свежего пробоя Donchian на последней закрытой свече,False,"{""score"": null, ""liquidity_score"": null, ""breakout_distance_atr"": null, ""freshness_score"": null}",ENTRY_CHECK,IOTA-USDT-SWAP,no_fresh_breakout,нет свежего пробоя Donchian на последней закрытой свече,rejected,2026-03-16 15:49:42,
False,нет свежего пробоя Donchian на последней закрытой свече,False,"{""score"": null, ""liquidity_score"": null, ""breakout_distance_atr"": null, ""freshness_score"": null}",ENTRY_CHECK,JUP-USDT-SWAP,no_fresh_breakout,нет свежего пробоя Donchian на последней закрытой свече,rejected,2026-03-16 15:49:43,
False,ATR warmup: цена или ATR недоступны после прогрева,False,"{""score"": null, ""liquidity_score"": null, ""breakout_distance_atr"": null, ""freshness_score"": null}",ENTRY_CHECK,KAITO-USDT-SWAP,atr_warmup:_цена_или_atr_недоступны_после_прогрева,ATR warmup: цена или ATR недоступны после прогрева,rejected,2026-03-16 15:49:43,
False,нет свежего пробоя Donchian на последней закрытой свече,False,"{""score"": null, ""liquidity_score"": null, ""breakout_distance_atr"": null, ""freshness_score"": null}",ENTRY_CHECK,KSM-USDT-SWAP,no_fresh_breakout,нет свежего пробоя Donchian на последней закрытой свече,rejected,2026-03-16 15:49:43,
False,нет свежего пробоя Donchian на последней закрытой свече,False,"{""score"": null, ""liquidity_score"": null, ""breakout_distance_atr"": null, ""freshness_score"": null}",ENTRY_CHECK,LDO-USDT-SWAP,no_fresh_breakout,нет свежего пробоя Donchian на последней закрытой свече,rejected,2026-03-16 15:49:43,
False,нет свежего пробоя Donchian на последней закрытой свече,False,"{""score"": null, ""liquidity_score"": null, ""breakout_distance_atr"": null, ""freshness_score"": null}",ENTRY_CHECK,LINEA-USDT-SWAP,no_fresh_breakout,нет свежего пробоя Donchian на последней закрытой свече,rejected,2026-03-16 15:49:44,
False,нет свежего пробоя Donchian на последней закрытой свече,False,"{""score"": null, ""liquidity_score"": null, ""breakout_distance_atr"": null, ""freshness_score"": null}",ENTRY_CHECK,LINK-USDT-SWAP,no_fresh_breakout,нет свежего пробоя Donchian на последней закрытой свече,rejected,2026-03-16 15:49:44,
False,нет свежего пробоя Donchian на последней закрытой свече,False,"{""score"": null, ""liquidity_score"": null, ""breakout_distance_atr"": null, ""freshness_score"": null}",ENTRY_CHECK,LIT-USDT-SWAP,no_fresh_breakout,нет свежего пробоя Donchian на последней закрытой свече,rejected,2026-03-16 15:49:44,
False,нет свежего пробоя Donchian на последней закрытой свече,False,"{""score"": null, ""liquidity_score"": null, ""breakout_distance_atr"": null, ""freshness_score"": null}",ENTRY_CHECK,LPT-USDT-SWAP,no_fresh_breakout,нет свежего пробоя Donchian на последней закрытой свече,rejected,2026-03-16 15:49:44,
False,ATR warmup: цена или ATR недоступны после прогрева,False,"{""score"": null, ""liquidity_score"": null, ""breakout_distance_atr"": null, ""freshness_score"": null}",ENTRY_CHECK,LQTY-USDT-SWAP,atr_warmup:_цена_или_atr_недоступны_после_прогрева,ATR warmup: цена или ATR недоступны после прогрева,rejected,2026-03-16 15:49:45,
False,нет свежего пробоя Donchian на последней закрытой свече,False,"{""score"": null, ""liquidity_score"": null, ""breakout_distance_atr"": null, ""freshness_score"": null}",ENTRY_CHECK,LRC-USDT-SWAP,no_fresh_breakout,нет свежего пробоя Donchian на последней закрытой свече,rejected,2026-03-16 15:49:45,
False,нет свежего пробоя Donchian на последней закрытой свече,False,"{""score"": null, ""liquidity_score"": null, ""breakout_distance_atr"": null, ""freshness_score"": null}",ENTRY_CHECK,LTC-USDT-SWAP,no_fresh_breakout,нет свежего пробоя Donchian на последней закрытой свече,rejected,2026-03-16 15:49:45,
False,нет свежего пробоя Donchian на последней закрытой свече,False,"{""score"": null, ""liquidity_score"": null, ""breakout_distance_atr"": null, ""freshness_score"": null}",ENTRY_CHECK,MAGIC-USDT-SWAP,no_fresh_breakout,нет свежего пробоя Donchian на последней закрытой свече,rejected,2026-03-16 15:49:45,
False,нет свежего пробоя Donchian на последней закрытой свече,False,"{""score"": null, ""liquidity_score"": null, ""breakout_distance_atr"": null, ""freshness_score"": null}",ENTRY_CHECK,MAJOR-USDT-SWAP,no_fresh_breakout,нет свежего пробоя Donchian на последней закрытой свече,rejected,2026-03-16 15:49:46,
False,нет свежего пробоя Donchian на последней закрытой свече,False,"{""score"": null, ""liquidity_score"": null, ""breakout_distance_atr"": null, ""freshness_score"": null}",ENTRY_CHECK,MASK-USDT-SWAP,no_fresh_breakout,нет свежего пробоя Donchian на последней закрытой свече,rejected,2026-03-16 15:49:46,
False,нет свежего пробоя Donchian на последней закрытой свече,False,"{""score"": null, ""liquidity_score"": null, ""breakout_distance_atr"": null, ""freshness_score"": null}",ENTRY_CHECK,MET-USDT-SWAP,no_fresh_breakout,нет свежего пробоя Donchian на последней закрытой свече,rejected,2026-03-16 15:49:46,
False,нет свежего пробоя Donchian на последней закрытой свече,False,"{""score"": null, ""liquidity_score"": null, ""breakout_distance_atr"": null, ""freshness_score"": null}",ENTRY_CHECK,MINA-USDT-SWAP,no_fresh_breakout,нет свежего пробоя Donchian на последней закрытой свече,rejected,2026-03-16 15:49:47,
False,ATR warmup: цена или ATR недоступны после прогрева,False,"{""score"": null, ""liquidity_score"": null, ""breakout_distance_atr"": null, ""freshness_score"": null}",ENTRY_CHECK,MKR-USDT-SWAP,atr_warmup:_цена_или_atr_недоступны_после_прогрева,ATR warmup: цена или ATR недоступны после прогрева,rejected,2026-03-16 15:49:47,
False,classic_turtle_breakout_long,True,"{""score"": null, ""liquidity_score"": 7936.761, ""breakout_distance_atr"": 0.5634, ""freshness_score"": 0.5734}",ENTRY_CHECK,MUBARAK-USDT-SWAP,classic_turtle_breakout_long,classic_turtle_breakout_long,candidate,2026-03-16 15:49:48,
False,ATR warmup: цена или ATR недоступны после прогрева,False,"{""score"": null, ""liquidity_score"": null, ""breakout_distance_atr"": null, ""freshness_score"": null}",ENTRY_CHECK,NEAR-USDT-SWAP,atr_warmup:_цена_или_atr_недоступны_после_прогрева,ATR warmup: цена или ATR недоступны после прогрева,rejected,2026-03-16 15:49:48,
False,ATR warmup: цена или ATR недоступны после прогрева,False,"{""score"": null, ""liquidity_score"": null, ""breakout_distance_atr"": null, ""freshness_score"": null}",ENTRY_CHECK,NEO-USDT-SWAP,atr_warmup:_цена_или_atr_недоступны_после_прогрева,ATR warmup: цена или ATR недоступны после прогрева,rejected,2026-03-16 15:49:48,
False,нет свежего пробоя Donchian на последней закрытой свече,False,"{""score"": null, ""liquidity_score"": null, ""breakout_distance_atr"": null, ""freshness_score"": null}",ENTRY_CHECK,NOT-USDT-SWAP,no_fresh_breakout,нет свежего пробоя Donchian на последней закрытой свече,rejected,2026-03-16 15:49:49,
False,нет свежего пробоя Donchian на последней закрытой свече,False,"{""score"": null, ""liquidity_score"": null, ""breakout_distance_atr"": null, ""freshness_score"": null}",ENTRY_CHECK,OP-USDT-SWAP,no_fresh_breakout,нет свежего пробоя Donchian на последней закрытой свече,rejected,2026-03-16 15:49:49,
False,нет свежего пробоя Donchian на последней закрытой свече,False,"{""score"": null, ""liquidity_score"": null, ""breakout_distance_atr"": null, ""freshness_score"": null}",ENTRY_CHECK,PEPE-USDT-SWAP,no_fresh_breakout,нет свежего пробоя Donchian на последней закрытой свече,rejected,2026-03-16 15:49:49,
False,ATR warmup: цена или ATR недоступны после прогрева,False,"{""score"": null, ""liquidity_score"": null, ""breakout_distance_atr"": null, ""freshness_score"": null}",ENTRY_CHECK,PIGGY-USDT-SWAP,atr_warmup:_цена_или_atr_недоступны_после_прогрева,ATR warmup: цена или ATR недоступны после прогрева,rejected,2026-03-16 15:49:49,
False,нет свежего пробоя Donchian на последней закрытой свече,False,"{""score"": null, ""liquidity_score"": null, ""breakout_distance_atr"": null, ""freshness_score"": null}",ENTRY_CHECK,QTUM-USDT-SWAP,no_fresh_breakout,нет свежего пробоя Donchian на последней закрытой свече,rejected,2026-03-16 15:49:50,
False,нет свежего пробоя Donchian на последней закрытой свече,False,"{""score"": null, ""liquidity_score"": null, ""breakout_distance_atr"": null, ""freshness_score"": null}",ENTRY_CHECK,RAVE-USDT-SWAP,no_fresh_breakout,нет свежего пробоя Donchian на последней закрытой свече,rejected,2026-03-16 15:49:50,
False,нет свежего пробоя Donchian на последней закрытой свече,False,"{""score"": null, ""liquidity_score"": null, ""breakout_distance_atr"": null, ""freshness_score"": null}",ENTRY_CHECK,RESOLV-USDT-SWAP,no_fresh_breakout,нет свежего пробоя Donchian на последней закрытой свече,rejected,2026-03-16 15:49:50,
False,ATR warmup: цена или ATR недоступны после прогрева,False,"{""score"": null, ""liquidity_score"": null, ""breakout_distance_atr"": null, ""freshness_score"": null}",ENTRY_CHECK,ROBO-USDT-SWAP,atr_warmup:_цена_или_atr_недоступны_после_прогрева,ATR warmup: цена или ATR недоступны после прогрева,rejected,2026-03-16 15:49:51,
False,нет свежего пробоя Donchian на последней закрытой свече,False,"{""score"": null, ""liquidity_score"": null, ""breakout_distance_atr"": null, ""freshness_score"": null}",ENTRY_CHECK,SAND-USDT-SWAP,no_fresh_breakout,нет свежего пробоя Donchian на последней закрытой свече,rejected,2026-03-16 15:49:51,
False,ATR warmup: цена или ATR недоступны после прогрева,False,"{""score"": null, ""liquidity_score"": null, ""breakout_distance_atr"": null, ""freshness_score"": null}",ENTRY_CHECK,SCR-USDT-SWAP,atr_warmup:_цена_или_atr_недоступны_после_прогрева,ATR warmup: цена или ATR недоступны после прогрева,rejected,2026-03-16 15:49:51,
False,ATR warmup: цена или ATR недоступны после прогрева,False,"{""score"": null, ""liquidity_score"": null, ""breakout_distance_atr"": null, ""freshness_score"": null}",ENTRY_CHECK,SHIB-USDT-SWAP,atr_warmup:_цена_или_atr_недоступны_после_прогрева,ATR warmup: цена или ATR недоступны после прогрева,rejected,2026-03-16 15:49:51,
False,нет свежего пробоя Donchian на последней закрытой свече,False,"{""score"": null, ""liquidity_score"": null, ""breakout_distance_atr"": null, ""freshness_score"": null}",ENTRY_CHECK,SKY-USDT-SWAP,no_fresh_breakout,нет свежего пробоя Donchian на последней закрытой свече,rejected,2026-03-16 15:49:52,
False,закрытие не удержалось ниже канала,False,"{""score"": null, ""liquidity_score"": null, ""breakout_distance_atr"": null, ""freshness_score"": null}",ENTRY_CHECK,SOL-USDT-SWAP,закрытие_не_удержалось_ниже_канала,закрытие не удержалось ниже канала,rejected,2026-03-16 15:49:52,
False,ATR warmup: цена или ATR недоступны после прогрева,False,"{""score"": null, ""liquidity_score"": null, ""breakout_distance_atr"": null, ""freshness_score"": null}",ENTRY_CHECK,SOLV-USDT-SWAP,atr_warmup:_цена_или_atr_недоступны_после_прогрева,ATR warmup: цена или ATR недоступны после прогрева,rejected,2026-03-16 15:49:53,
False,ATR warmup: цена или ATR недоступны после прогрева,False,"{""score"": null, ""liquidity_score"": null, ""breakout_distance_atr"": null, ""freshness_score"": null}",ENTRY_CHECK,SPK-USDT-SWAP,atr_warmup:_цена_или_atr_недоступны_после_прогрева,ATR warmup: цена или ATR недоступны после прогрева,rejected,2026-03-16 15:49:53,
False,ATR warmup: цена или ATR недоступны после прогрева,False,"{""score"": null, ""liquidity_score"": null, ""breakout_distance_atr"": null, ""freshness_score"": null}",ENTRY_CHECK,STRK-USDT-SWAP,atr_warmup:_цена_или_atr_недоступны_после_прогрева,ATR warmup: цена или ATR недоступны после прогрева,rejected,2026-03-16 15:49:53,
False,нет свежего пробоя Donchian на последней закрытой свече,False,"{""score"": null, ""liquidity_score"": null, ""breakout_distance_atr"": null, ""freshness_score"": null}",ENTRY_CHECK,SUI-USDT-SWAP,no_fresh_breakout,нет свежего пробоя Donchian на последней закрытой свече,rejected,2026-03-16 15:49:53,
False,нет свежего пробоя Donchian на последней закрытой свече,False,"{""score"": null, ""liquidity_score"": null, ""breakout_distance_atr"": null, ""freshness_score"": null}",ENTRY_CHECK,SUSHI-USDT-SWAP,no_fresh_breakout,нет свежего пробоя Donchian на последней закрытой свече,rejected,2026-03-16 15:49:54,
False,нет свежего пробоя Donchian на последней закрытой свече,False,"{""score"": null, ""liquidity_score"": null, ""breakout_distance_atr"": null, ""freshness_score"": null}",ENTRY_CHECK,SYRUP-USDT-SWAP,no_fresh_breakout,нет свежего пробоя Donchian на последней закрытой свече,rejected,2026-03-16 15:49:54,
False,ATR warmup: цена или ATR недоступны после прогрева,False,"{""score"": null, ""liquidity_score"": null, ""breakout_distance_atr"": null, ""freshness_score"": null}",ENTRY_CHECK,TEST1234-USDT-SWAP,atr_warmup:_цена_или_atr_недоступны_после_прогрева,ATR warmup: цена или ATR недоступны после прогрева,rejected,2026-03-16 15:49:54,
False,ATR warmup: цена или ATR недоступны после прогрева,False,"{""score"": null, ""liquidity_score"": null, ""breakout_distance_atr"": null, ""freshness_score"": null}",ENTRY_CHECK,TEST3103-USDT-SWAP,atr_warmup:_цена_или_atr_недоступны_после_прогрева,ATR warmup: цена или ATR недоступны после прогрева,rejected,2026-03-16 15:49:55,
False,ATR warmup: цена или ATR недоступны после прогрева,False,"{""score"": null, ""liquidity_score"": null, ""breakout_distance_atr"": null, ""freshness_score"": null}",ENTRY_CHECK,TEST3110-USDT-SWAP,atr_warmup:_цена_или_atr_недоступны_после_прогрева,ATR warmup: цена или ATR недоступны после прогрева,rejected,2026-03-16 15:49:55,
False,ATR warmup: цена или ATR недоступны после прогрева,False,"{""score"": null, ""liquidity_score"": null, ""breakout_distance_atr"": null, ""freshness_score"": null}",ENTRY_CHECK,THETA-USDT-SWAP,atr_warmup:_цена_или_atr_недоступны_после_прогрева,ATR warmup: цена или ATR недоступны после прогрева,rejected,2026-03-16 15:49:55,
False,нет свежего пробоя Donchian на последней закрытой свече,False,"{""score"": null, ""liquidity_score"": null, ""breakout_distance_atr"": null, ""freshness_score"": null}",ENTRY_CHECK,TON-USDT-SWAP,no_fresh_breakout,нет свежего пробоя Donchian на последней закрытой свече,rejected,2026-03-16 15:49:56,
False,ATR warmup: цена или ATR недоступны после прогрева,False,"{""score"": null, ""liquidity_score"": null, ""breakout_distance_atr"": null, ""freshness_score"": null}",ENTRY_CHECK,TRIA-USDT-SWAP,atr_warmup:_цена_или_atr_недоступны_после_прогрева,ATR warmup: цена или ATR недоступны после прогрева,rejected,2026-03-16 15:49:56,
False,нет свежего пробоя Donchian на последней закрытой свече,False,"{""score"": null, ""liquidity_score"": null, ""breakout_distance_atr"": null, ""freshness_score"": null}",ENTRY_CHECK,TRX-USDT-SWAP,no_fresh_breakout,нет свежего пробоя Donchian на последней закрытой свече,rejected,2026-03-16 15:49:56,
False,нет свежего пробоя Donchian на последней закрытой свече,False,"{""score"": null, ""liquidity_score"": null, ""breakout_distance_atr"": null, ""freshness_score"": null}",ENTRY_CHECK,TSLA-USDT-SWAP,no_fresh_breakout,нет свежего пробоя Donchian на последней закрытой свече,rejected,2026-03-16 15:49:56,
False,нет свежего пробоя Donchian на последней закрытой свече,False,"{""score"": null, ""liquidity_score"": null, ""breakout_distance_atr"": null, ""freshness_score"": null}",ENTRY_CHECK,XAU-USDT-SWAP,no_fresh_breakout,нет свежего пробоя Donchian на последней закрытой свече,rejected,2026-03-16 15:49:57,
False,нет свежего пробоя Donchian на последней закрытой свече,False,"{""score"": null, ""liquidity_score"": null, ""breakout_distance_atr"": null, ""freshness_score"": null}",ENTRY_CHECK,XLM-USDT-SWAP,no_fresh_breakout,нет свежего пробоя Donchian на последней закрытой свече,rejected,2026-03-16 15:49:57,
False,нет свежего пробоя Donchian на последней закрытой свече,False,"{""score"": null, ""liquidity_score"": null, ""breakout_distance_atr"": null, ""freshness_score"": null}",ENTRY_CHECK,XPL-USDT-SWAP,no_fresh_breakout,нет свежего пробоя Donchian на последней закрытой свече,rejected,2026-03-16 15:49:57,
False,нет свежего пробоя Donchian на последней закрытой свече,False,"{""score"": null, ""liquidity_score"": null, ""breakout_distance_atr"": null, ""freshness_score"": null}",ENTRY_CHECK,XRP-USDT-SWAP,no_fresh_breakout,нет свежего пробоя Donchian на последней закрытой свече,rejected,2026-03-16 15:49:58,
False,нет свежего пробоя Donchian на последней закрытой свече,False,"{""score"": null, ""liquidity_score"": null, ""breakout_distance_atr"": null, ""freshness_score"": null}",ENTRY_CHECK,XSR-USDT-SWAP,no_fresh_breakout,нет свежего пробоя Donchian на последней закрытой свече,rejected,2026-03-16 15:49:58,
False,ATR warmup: цена или ATR недоступны после прогрева,False,"{""score"": null, ""liquidity_score"": null, ""breakout_distance_atr"": null, ""freshness_score"": null}",ENTRY_CHECK,XTZ-USDT-SWAP,atr_warmup:_цена_или_atr_недоступны_после_прогрева,ATR warmup: цена или ATR недоступны после прогрева,rejected,2026-03-16 15:49:58,
False,нет свежего пробоя Donchian на последней закрытой свече,False,"{""score"": null, ""liquidity_score"": null, ""breakout_distance_atr"": null, ""freshness_score"": null}",ENTRY_CHECK,YB-USDT-SWAP,no_fresh_breakout,нет свежего пробоя Donchian на последней закрытой свече,rejected,2026-03-16 15:49:59,
False,нет свежего пробоя Donchian на последней закрытой свече,False,"{""score"": null, ""liquidity_score"": null, ""breakout_distance_atr"": null, ""freshness_score"": null}",ENTRY_CHECK,YFI-USDT-SWAP,no_fresh_breakout,нет свежего пробоя Donchian на последней закрытой свече,rejected,2026-03-16 15:49:59,
False,нет свежего пробоя Donchian на последней закрытой свече,False,"{""score"": null, ""liquidity_score"": null, ""breakout_distance_atr"": null, ""freshness_score"": null}",ENTRY_CHECK,YGG-USDT-SWAP,no_fresh_breakout,нет свежего пробоя Donchian на последней закрытой свече,rejected,2026-03-16 15:49:59,
False,нет свежего пробоя Donchian на последней закрытой свече,False,"{""score"": null, ""liquidity_score"": null, ""breakout_distance_atr"": null, ""freshness_score"": null}",ENTRY_CHECK,ZAMA-USDT-SWAP,no_fresh_breakout,нет свежего пробоя Donchian на последней закрытой свече,rejected,2026-03-16 15:50:00,
False,ATR warmup: цена или ATR недоступны после прогрева,False,"{""score"": null, ""liquidity_score"": null, ""breakout_distance_atr"": null, ""freshness_score"": null}",ENTRY_CHECK,ZBCN-USDT-SWAP,atr_warmup:_цена_или_atr_недоступны_после_прогрева,ATR warmup: цена или ATR недоступны после прогрева,rejected,2026-03-16 15:50:00,
False,ATR warmup: цена или ATR недоступны после прогрева,False,"{""score"": null, ""liquidity_score"": null, ""breakout_distance_atr"": null, ""freshness_score"": null}",ENTRY_CHECK,ZETA-USDT-SWAP,atr_warmup:_цена_или_atr_недоступны_после_прогрева,ATR warmup: цена или ATR недоступны после прогрева,rejected,2026-03-16 15:50:00,
False,classic_turtle_breakout_long,True,"{""score"": null, ""liquidity_score"": 7936.761, ""breakout_distance_atr"": 0.5634, ""freshness_score"": 0.5734}",ENTRY_RANK,MUBARAK-USDT-SWAP,classic_turtle_breakout_long,classic_turtle_breakout_long,ranked_candidate,2026-03-16 15:50:01,
False,entry_failed,False,"{""score"": null, ""liquidity_score"": null, ""breakout_distance_atr"": null, ""freshness_score"": null}",ENTRY_EXECUTION,MUBARAK-USDT-SWAP,unknown,,entry_failed,2026-03-16 15:50:01,
False,нет свежего пробоя Donchian на последней закрытой свече,False,"{""score"": null, ""liquidity_score"": null, ""breakout_distance_atr"": null, ""freshness_score"": null}",ENTRY_CHECK,ZIL-USDT-SWAP,no_fresh_breakout,нет свежего пробоя Donchian на последней закрытой свече,rejected,2026-03-16 15:50:01,
True,Защита тренда: откат от пика 23095003333.33R → 3695003333.33R,True,"{""units"": 1, ""last_price"": null, ""next_pyramid_price"": null, ""retry_after_sec"": null}",EXIT_CHECK,BREV-USDT-SWAP,защита_тренда:_откат_от_пика_23095003333.33r_→_3695003333.33r,Защита тренда: откат от пика 23095003333.33R → 3695003333.33R,position_closed,2026-03-16 15:50:05,20260316_154930_BREV-USDT-SWAP_long
False,нет свежего пробоя Donchian на последней закрытой свече,False,"{""score"": null, ""liquidity_score"": null, ""breakout_distance_atr"": null, ""freshness_score"": null}",ENTRY_CHECK,1INCH-USDT-SWAP,no_fresh_breakout,нет свежего пробоя Donchian на последней закрытой свече,rejected,2026-03-16 15:50:12,
False,нет свежего пробоя Donchian на последней закрытой свече,False,"{""score"": null, ""liquidity_score"": null, ""breakout_distance_atr"": null, ""freshness_score"": null}",ENTRY_CHECK,2Z-USDT-SWAP,no_fresh_breakout,нет свежего пробоя Donchian на последней закрытой свече,rejected,2026-03-16 15:50:12,
False,classic_turtle_breakout_short,True,"{""score"": null, ""liquidity_score"": 4.5922, ""breakout_distance_atr"": 1.1268, ""freshness_score"": 1.1368}",ENTRY_CHECK,A-USDT-SWAP,classic_turtle_breakout_short,classic_turtle_breakout_short,candidate,2026-03-16 15:50:12,
False,classic_turtle_breakout_short,True,"{""score"": null, ""liquidity_score"": 4.5922, ""breakout_distance_atr"": 1.1268, ""freshness_score"": 1.1368}",ENTRY_CHECK,A-USDT-SWAP,classic_turtle_breakout_short,classic_turtle_breakout_short,candidate,2026-03-16 15:50:12,
False,нет свежего пробоя Donchian на последней закрытой свече,False,"{""score"": null, ""liquidity_score"": null, ""breakout_distance_atr"": null, ""freshness_score"": null}",ENTRY_CHECK,AAVE-USDT-SWAP,no_fresh_breakout,нет свежего пробоя Donchian на последней закрытой свече,rejected,2026-03-16 15:50:13,
False,нет свежего пробоя Donchian на последней закрытой свече,False,"{""score"": null, ""liquidity_score"": null, ""breakout_distance_atr"": null, ""freshness_score"": null}",ENTRY_CHECK,ACT-USDT-SWAP,no_fresh_breakout,нет свежего пробоя Donchian на последней закрытой свече,rejected,2026-03-16 15:50:13,
False,нет свежего пробоя Donchian на последней закрытой свече,False,"{""score"": null, ""liquidity_score"": null, ""breakout_distance_atr"": null, ""freshness_score"": null}",ENTRY_CHECK,ADA-USDT-SWAP,no_fresh_breakout,нет свежего пробоя Donchian на последней закрытой свече,rejected,2026-03-16 15:50:13,
False,нет свежего пробоя Donchian на последней закрытой свече,False,"{""score"": null, ""liquidity_score"": null, ""breakout_distance_atr"": null, ""freshness_score"": null}",ENTRY_CHECK,AI16Z-USDT-SWAP,no_fresh_breakout,нет свежего пробоя Donchian на последней закрытой свече,rejected,2026-03-16 15:50:14,
False,ATR warmup: цена или ATR недоступны после прогрева,False,"{""score"": null, ""liquidity_score"": null, ""breakout_distance_atr"": null, ""freshness_score"": null}",ENTRY_CHECK,AKITA-USDT-SWAP,atr_warmup:_цена_или_atr_недоступны_после_прогрева,ATR warmup: цена или ATR недоступны после прогрева,rejected,2026-03-16 15:50:14,
False,нет свежего пробоя Donchian на последней закрытой свече,False,"{""score"": null, ""liquidity_score"": null, ""breakout_distance_atr"": null, ""freshness_score"": null}",ENTRY_CHECK,ALGO-USDT-SWAP,no_fresh_breakout,нет свежего пробоя Donchian на последней закрытой свече,rejected,2026-03-16 15:50:14,
False,нет свежего пробоя Donchian на последней закрытой свече,False,"{""score"": null, ""liquidity_score"": null, ""breakout_distance_atr"": null, ""freshness_score"": null}",ENTRY_CHECK,ARB-USDT-SWAP,no_fresh_breakout,нет свежего пробоя Donchian на последней закрытой свече,rejected,2026-03-16 15:50:14,
False,ATR warmup: цена или ATR недоступны после прогрева,False,"{""score"": null, ""liquidity_score"": null, ""breakout_distance_atr"": null, ""freshness_score"": null}",ENTRY_CHECK,ASP-USDT-SWAP,atr_warmup:_цена_или_atr_недоступны_после_прогрева,ATR warmup: цена или ATR недоступны после прогрева,rejected,2026-03-16 15:50:15,
False,нет свежего пробоя Donchian на последней закрытой свече,False,"{""score"": null, ""liquidity_score"": null, ""breakout_distance_atr"": null, ""freshness_score"": null}",ENTRY_CHECK,ASTER-USDT-SWAP,no_fresh_breakout,нет свежего пробоя Donchian на последней закрытой свече,rejected,2026-03-16 15:50:15,
False,нет свежего пробоя Donchian на последней закрытой свече,False,"{""score"": null, ""liquidity_score"": null, ""breakout_distance_atr"": null, ""freshness_score"": null}",ENTRY_CHECK,ATOM-USDT-SWAP,no_fresh_breakout,нет свежего пробоя Donchian на последней закрытой свече,rejected,2026-03-16 15:50:15,
False,нет свежего пробоя Donchian на последней закрытой свече,False,"{""score"": null, ""liquidity_score"": null, ""breakout_distance_atr"": null, ""freshness_score"": null}",ENTRY_CHECK,AUCTION-USDT-SWAP,no_fresh_breakout,нет свежего пробоя Donchian на последней закрытой свече,rejected,2026-03-16 15:50:16,
False,нет свежего пробоя Donchian на последней закрытой свече,False,"{""score"": null, ""liquidity_score"": null, ""breakout_distance_atr"": null, ""freshness_score"": null}",ENTRY_CHECK,AVAX-USDT-SWAP,no_fresh_breakout,нет свежего пробоя Donchian на последней закрытой свече,rejected,2026-03-16 15:50:16,
False,нет свежего пробоя Donchian на последней закрытой свече,False,"{""score"": null, ""liquidity_score"": null, ""breakout_distance_atr"": null, ""freshness_score"": null}",ENTRY_CHECK,AXS-USDT-SWAP,no_fresh_breakout,нет свежего пробоя Donchian на последней закрытой свече,rejected,2026-03-16 15:50:16,
False,нет свежего пробоя Donchian на последней закрытой свече,False,"{""score"": null, ""liquidity_score"": null, ""breakout_distance_atr"": null, ""freshness_score"": null}",ENTRY_CHECK,BAND-USDT-SWAP,no_fresh_breakout,нет свежего пробоя Donchian на последней закрытой свече,rejected,2026-03-16 15:50:17,
False,нет свежего пробоя Donchian на последней закрытой свече,False,"{""score"": null, ""liquidity_score"": null, ""breakout_distance_atr"": null, ""freshness_score"": null}",ENTRY_CHECK,BCH-USDT-SWAP,no_fresh_breakout,нет свежего пробоя Donchian на последней закрытой свече,rejected,2026-03-16 15:50:17,
False,нет свежего пробоя Donchian на последней закрытой свече,False,"{""score"": null, ""liquidity_score"": null, ""breakout_distance_atr"": null, ""freshness_score"": null}",ENTRY_CHECK,BIO-USDT-SWAP,no_fresh_breakout,нет свежего пробоя Donchian на последней закрытой свече,rejected,2026-03-16 15:50:17,
False,ATR warmup: цена или ATR недоступны после прогрева,False,"{""score"": null, ""liquidity_score"": null, ""breakout_distance_atr"": null, ""freshness_score"": null}",ENTRY_CHECK,BLUAI-USDT-SWAP,atr_warmup:_цена_или_atr_недоступны_после_прогрева,ATR warmup: цена или ATR недоступны после прогрева,rejected,2026-03-16 15:50:17,
False,нет свежего пробоя Donchian на последней закрытой свече,False,"{""score"": null, ""liquidity_score"": null, ""breakout_distance_atr"": null, ""freshness_score"": null}",ENTRY_CHECK,BNB-USDT-SWAP,no_fresh_breakout,нет свежего пробоя Donchian на последней закрытой свече,rejected,2026-03-16 15:50:17,
False,нет свежего пробоя Donchian на последней закрытой свече,False,"{""score"": null, ""liquidity_score"": null, ""breakout_distance_atr"": null, ""freshness_score"": null}",ENTRY_CHECK,BOME-USDT-SWAP,no_fresh_breakout,нет свежего пробоя Donchian на последней закрытой свече,rejected,2026-03-16 15:50:18,
False,нет свежего пробоя Donchian на последней закрытой свече,False,"{""score"": null, ""liquidity_score"": null, ""breakout_distance_atr"": null, ""freshness_score"": null}",ENTRY_CHECK,BRETT-USDT-SWAP,no_fresh_breakout,нет свежего пробоя Donchian на последней закрытой свече,rejected,2026-03-16 15:50:18,
False,нет свежего пробоя Donchian на последней закрытой свече,False,"{""score"": null, ""liquidity_score"": null, ""breakout_distance_atr"": null, ""freshness_score"": null}",ENTRY_CHECK,BTC-USDT-SWAP,no_fresh_breakout,нет свежего пробоя Donchian на последней закрытой свече,rejected,2026-03-16 15:50:18,
False,нет свежего пробоя Donchian на последней закрытой свече,False,"{""score"": null, ""liquidity_score"": null, ""breakout_distance_atr"": null, ""freshness_score"": null}",ENTRY_CHECK,CAT-USDT-SWAP,no_fresh_breakout,нет свежего пробоя Donchian на последней закрытой свече,rejected,2026-03-16 15:50:19,
False,нет свежего пробоя Donchian на последней закрытой свече,False,"{""score"": null, ""liquidity_score"": null, ""breakout_distance_atr"": null, ""freshness_score"": null}",ENTRY_CHECK,CATI-USDT-SWAP,no_fresh_breakout,нет свежего пробоя Donchian на последней закрытой свече,rejected,2026-03-16 15:50:19,
False,нет свежего пробоя Donchian на последней закрытой свече,False,"{""score"": null, ""liquidity_score"": null, ""breakout_distance_atr"": null, ""freshness_score"": null}",ENTRY_CHECK,CELO-USDT-SWAP,no_fresh_breakout,нет свежего пробоя Donchian на последней закрытой свече,rejected,2026-03-16 15:50:19,
False,нет свежего пробоя Donchian на последней закрытой свече,False,"{""score"": null, ""liquidity_score"": null, ""breakout_distance_atr"": null, ""freshness_score"": null}",ENTRY_CHECK,CFX-USDT-SWAP,no_fresh_breakout,нет свежего пробоя Donchian на последней закрытой свече,rejected,2026-03-16 15:50:19,
False,нет свежего пробоя Donchian на последней закрытой свече,False,"{""score"": null, ""liquidity_score"": null, ""breakout_distance_atr"": null, ""freshness_score"": null}",ENTRY_CHECK,CHZ-USDT-SWAP,no_fresh_breakout,нет свежего пробоя Donchian на последней закрытой свече,rejected,2026-03-16 15:50:20,
False,ATR warmup: цена или ATR недоступны после прогрева,False,"{""score"": null, ""liquidity_score"": null, ""breakout_distance_atr"": null, ""freshness_score"": null}",ENTRY_CHECK,COAI-USDT-SWAP,atr_warmup:_цена_или_atr_недоступны_после_прогрева,ATR warmup: цена или ATR недоступны после прогрева,rejected,2026-03-16 15:50:20,
False,нет свежего пробоя Donchian на последней закрытой свече,False,"{""score"": null, ""liquidity_score"": null, ""breakout_distance_atr"": null, ""freshness_score"": null}",ENTRY_CHECK,COMP-USDT-SWAP,no_fresh_breakout,нет свежего пробоя Donchian на последней закрытой свече,rejected,2026-03-16 15:50:20,
False,нет свежего пробоя Donchian на последней закрытой свече,False,"{""score"": null, ""liquidity_score"": null, ""breakout_distance_atr"": null, ""freshness_score"": null}",ENTRY_CHECK,CRO-USDT-SWAP,no_fresh_breakout,нет свежего пробоя Donchian на последней закрытой свече,rejected,2026-03-16 15:50:21,
False,нет свежего пробоя Donchian на последней закрытой свече,False,"{""score"": null, ""liquidity_score"": null, ""breakout_distance_atr"": null, ""freshness_score"": null}",ENTRY_CHECK,CRV-USDT-SWAP,no_fresh_breakout,нет свежего пробоя Donchian на последней закрытой свече,rejected,2026-03-16 15:50:21,
False,нет свежего пробоя Donchian на последней закрытой свече,False,"{""score"": null, ""liquidity_score"": null, ""breakout_distance_atr"": null, ""freshness_score"": null}",ENTRY_CHECK,DOGE-USDT-SWAP,no_fresh_breakout,нет свежего пробоя Donchian на последней закрытой свече,rejected,2026-03-16 15:50:21,
False,нет свежего пробоя Donchian на последней закрытой свече,False,"{""score"": null, ""liquidity_score"": null, ""breakout_distance_atr"": null, ""freshness_score"": null}",ENTRY_CHECK,DOT-USDT-SWAP,no_fresh_breakout,нет свежего пробоя Donchian на последней закрытой свече,rejected,2026-03-16 15:50:21,
False,нет свежего пробоя Donchian на последней закрытой свече,False,"{""score"": null, ""liquidity_score"": null, ""breakout_distance_atr"": null, ""freshness_score"": null}",ENTRY_CHECK,ENA-USDT-SWAP,no_fresh_breakout,нет свежего пробоя Donchian на последней закрытой свече,rejected,2026-03-16 15:50:22,
False,нет свежего пробоя Donchian на последней закрытой свече,False,"{""score"": null, ""liquidity_score"": null, ""breakout_distance_atr"": null, ""freshness_score"": null}",ENTRY_CHECK,EOS-USDT-SWAP,no_fresh_breakout,нет свежего пробоя Donchian на последней закрытой свече,rejected,2026-03-16 15:50:22,
False,нет свежего пробоя Donchian на последней закрытой свече,False,"{""score"": null, ""liquidity_score"": null, ""breakout_distance_atr"": null, ""freshness_score"": null}",ENTRY_CHECK,ETC-USDT-SWAP,no_fresh_breakout,нет свежего пробоя Donchian на последней закрытой свече,rejected,2026-03-16 15:50:22,
False,нет свежего пробоя Donchian на последней закрытой свече,False,"{""score"": null, ""liquidity_score"": null, ""breakout_distance_atr"": null, ""freshness_score"": null}",ENTRY_CHECK,ETHFI-USDT-SWAP,no_fresh_breakout,нет свежего пробоя Donchian на последней закрытой свече,rejected,2026-03-16 15:50:23,
False,нет свежего пробоя Donchian на последней закрытой свече,False,"{""score"": null, ""liquidity_score"": null, ""breakout_distance_atr"": null, ""freshness_score"": null}",ENTRY_CHECK,ETHW-USDT-SWAP,no_fresh_breakout,нет свежего пробоя Donchian на последней закрытой свече,rejected,2026-03-16 15:50:23,
False,нет свежего пробоя Donchian на последней закрытой свече,False,"{""score"": null, ""liquidity_score"": null, ""breakout_distance_atr"": null, ""freshness_score"": null}",ENTRY_CHECK,FIL-USDT-SWAP,no_fresh_breakout,нет свежего пробоя Donchian на последней закрытой свече,rejected,2026-03-16 15:50:23,
False,закрытие не удержалось выше канала,False,"{""score"": null, ""liquidity_score"": null, ""breakout_distance_atr"": null, ""freshness_score"": null}",ENTRY_CHECK,FLOKI-USDT-SWAP,закрытие_не_удержалось_выше_канала,закрытие не удержалось выше канала,rejected,2026-03-16 15:50:24,
False,нет свежего пробоя Donchian на последней закрытой свече,False,"{""score"": null, ""liquidity_score"": null, ""breakout_distance_atr"": null, ""freshness_score"": null}",ENTRY_CHECK,GMT-USDT-SWAP,no_fresh_breakout,нет свежего пробоя Donchian на последней закрытой свече,rejected,2026-03-16 15:50:24,
False,закрытие не удержалось выше канала,False,"{""score"": null, ""liquidity_score"": null, ""breakout_distance_atr"": null, ""freshness_score"": null}",ENTRY_CHECK,H-USDT-SWAP,закрытие_не_удержалось_выше_канала,закрытие не удержалось выше канала,rejected,2026-03-16 15:50:25,
