cooldown_blocked,event,final_decision_allow_true_false,final_reason,inst_id,price,recent_stopout_present,recent_trade_penalty,recovery_blocked,side,timeframe,ts
False,reentry_check,True,ok,1INCH-USDT-SWAP,0.101,False,,False,long,5m,2026-03-16 16:13:13
False,reentry_check,True,ok,1INCH-USDT-SWAP,0.101,False,,False,short,5m,2026-03-16 16:13:13
False,reentry_check,True,ok,2Z-USDT-SWAP,0.0842,False,,False,long,5m,2026-03-16 16:13:13
False,reentry_check,True,ok,2Z-USDT-SWAP,0.0842,False,,False,short,5m,2026-03-16 16:13:13
False,reentry_check,True,ok,A-USDT-SWAP,0.0824,False,,False,long,5m,2026-03-16 16:13:14
False,reentry_check,True,ok,A-USDT-SWAP,0.0824,False,,False,short,5m,2026-03-16 16:13:14
False,reentry_check,True,ok,AAVE-USDT-SWAP,120.34,False,,False,long,5m,2026-03-16 16:13:14
False,reentry_check,True,ok,AAVE-USDT-SWAP,120.34,False,,False,short,5m,2026-03-16 16:13:14
False,reentry_check,True,ok,ACT-USDT-SWAP,0.01443,False,,False,long,5m,2026-03-16 16:13:14
False,reentry_check,True,ok,ACT-USDT-SWAP,0.01443,False,,False,short,5m,2026-03-16 16:13:14
False,reentry_check,True,ok,ADA-USDT-SWAP,0.1996,False,,False,long,5m,2026-03-16 16:13:15
False,reentry_check,True,ok,ADA-USDT-SWAP,0.1996,False,,False,short,5m,2026-03-16 16:13:15
False,reentry_check,True,ok,AI16Z-USDT-SWAP,0.05902,False,,False,long,5m,2026-03-16 16:13:15
False,reentry_check,True,ok,AI16Z-USDT-SWAP,0.05902,False,,False,short,5m,2026-03-16 16:13:15
False,reentry_check,True,ok,ALGO-USDT-SWAP,0.0942,False,,False,long,5m,2026-03-16 16:13:16
False,reentry_check,True,ok,ALGO-USDT-SWAP,0.0942,False,,False,short,5m,2026-03-16 16:13:16
False,reentry_check,True,ok,ARB-USDT-SWAP,0.1078,False,,False,long,5m,2026-03-16 16:13:16
False,reentry_check,True,ok,ARB-USDT-SWAP,0.1078,False,,False,short,5m,2026-03-16 16:13:16
False,reentry_check,True,ok,ASTER-USDT-SWAP,0.7149,False,,False,long,5m,2026-03-16 16:13:17
False,reentry_check,True,ok,ASTER-USDT-SWAP,0.7149,False,,False,short,5m,2026-03-16 16:13:17
,reentry_check,True,scan,ASTER-USDT-SWAP,0.7149,False,0.0,,scan,5m,2026-03-16 16:13:17
False,reentry_check,True,ok,ATOM-USDT-SWAP,1.9,False,,False,long,5m,2026-03-16 16:13:17
False,reentry_check,True,ok,ATOM-USDT-SWAP,1.9,False,,False,short,5m,2026-03-16 16:13:17
False,reentry_check,True,ok,AUCTION-USDT-SWAP,4.906,False,,False,long,5m,2026-03-16 16:13:18
False,reentry_check,True,ok,AUCTION-USDT-SWAP,4.906,False,,False,short,5m,2026-03-16 16:13:18
False,reentry_check,True,ok,AVAX-USDT-SWAP,7.328,False,,False,long,5m,2026-03-16 16:13:18
False,reentry_check,True,ok,AVAX-USDT-SWAP,7.328,False,,False,short,5m,2026-03-16 16:13:18
False,reentry_check,True,ok,AXS-USDT-SWAP,1.2272,False,,False,long,5m,2026-03-16 16:13:19
False,reentry_check,True,ok,AXS-USDT-SWAP,1.2272,False,,False,short,5m,2026-03-16 16:13:19
False,reentry_check,True,ok,BAND-USDT-SWAP,0.2355,False,,False,long,5m,2026-03-16 16:13:19
False,reentry_check,True,ok,BAND-USDT-SWAP,0.2355,False,,False,short,5m,2026-03-16 16:13:19
,reentry_check,True,scan,BAND-USDT-SWAP,0.2355,False,0.0,,scan,5m,2026-03-16 16:13:19
False,reentry_check,True,ok,BCH-USDT-SWAP,475.1,False,,False,long,5m,2026-03-16 16:13:19
False,reentry_check,True,ok,BCH-USDT-SWAP,475.1,False,,False,short,5m,2026-03-16 16:13:19
False,reentry_check,True,ok,BIO-USDT-SWAP,0.02594,False,,False,long,5m,2026-03-16 16:13:20
False,reentry_check,True,ok,BIO-USDT-SWAP,0.02594,False,,False,short,5m,2026-03-16 16:13:20
False,reentry_check,True,ok,BNB-USDT-SWAP,723.1,False,,False,long,5m,2026-03-16 16:13:20
False,reentry_check,True,ok,BNB-USDT-SWAP,723.1,False,,False,short,5m,2026-03-16 16:13:20
False,reentry_check,True,ok,BOME-USDT-SWAP,0.000485,False,,False,long,5m,2026-03-16 16:13:21
False,reentry_check,True,ok,BOME-USDT-SWAP,0.000485,False,,False,short,5m,2026-03-16 16:13:21
False,reentry_check,True,ok,BRETT-USDT-SWAP,0.0082,False,,False,long,5m,2026-03-16 16:13:21
False,reentry_check,True,ok,BRETT-USDT-SWAP,0.0082,False,,False,short,5m,2026-03-16 16:13:21
False,reentry_check,True,ok,BTC-USDT-SWAP,73957.5,False,,False,long,5m,2026-03-16 16:13:21
False,reentry_check,True,ok,BTC-USDT-SWAP,73957.5,False,,False,short,5m,2026-03-16 16:13:21
False,reentry_check,True,ok,CAT-USDT-SWAP,2.057e-06,False,,False,long,5m,2026-03-16 16:13:22
False,reentry_check,True,ok,CAT-USDT-SWAP,2.057e-06,False,,False,short,5m,2026-03-16 16:13:22
False,reentry_check,True,ok,CATI-USDT-SWAP,0.0308,False,,False,long,5m,2026-03-16 16:13:22
False,reentry_check,True,ok,CATI-USDT-SWAP,0.0308,False,,False,short,5m,2026-03-16 16:13:22
False,reentry_check,True,ok,CELO-USDT-SWAP,0.079,False,,False,long,5m,2026-03-16 16:13:22
False,reentry_check,True,ok,CELO-USDT-SWAP,0.079,False,,False,short,5m,2026-03-16 16:13:22
False,reentry_check,True,ok,CFX-USDT-SWAP,0.06497,False,,False,long,5m,2026-03-16 16:13:23
False,reentry_check,True,ok,CFX-USDT-SWAP,0.06497,False,,False,short,5m,2026-03-16 16:13:23
False,reentry_check,True,ok,CHZ-USDT-SWAP,0.03945,False,,False,long,5m,2026-03-16 16:13:23
False,reentry_check,True,ok,CHZ-USDT-SWAP,0.03945,False,,False,short,5m,2026-03-16 16:13:23
False,reentry_check,True,ok,COMP-USDT-SWAP,19.36,False,,False,long,5m,2026-03-16 16:13:24
False,reentry_check,True,ok,COMP-USDT-SWAP,19.36,False,,False,short,5m,2026-03-16 16:13:24
False,reentry_check,True,ok,CRV-USDT-SWAP,0.2476,False,,False,long,5m,2026-03-16 16:13:24
False,reentry_check,True,ok,CRV-USDT-SWAP,0.2476,False,,False,short,5m,2026-03-16 16:13:24
False,reentry_check,True,ok,DOGE-USDT-SWAP,0.0998,False,,False,long,5m,2026-03-16 16:13:24
False,reentry_check,True,ok,DOGE-USDT-SWAP,0.0998,False,,False,short,5m,2026-03-16 16:13:24
False,reentry_check,True,ok,DOT-USDT-SWAP,1.593,False,,False,long,5m,2026-03-16 16:13:25
False,reentry_check,True,ok,DOT-USDT-SWAP,1.593,False,,False,short,5m,2026-03-16 16:13:25
False,reentry_check,True,ok,ENA-USDT-SWAP,0.1127,False,,False,long,5m,2026-03-16 16:13:25
False,reentry_check,True,ok,ENA-USDT-SWAP,0.1127,False,,False,short,5m,2026-03-16 16:13:25
False,reentry_check,True,ok,ETC-USDT-SWAP,9.2,False,,False,long,5m,2026-03-16 16:13:26
False,reentry_check,True,ok,ETC-USDT-SWAP,9.2,False,,False,short,5m,2026-03-16 16:13:26
,reentry_check,True,scan,ETC-USDT-SWAP,9.2,False,0.0,,scan,5m,2026-03-16 16:13:26
False,reentry_check,True,ok,ETH-USDT-SWAP,2273.5,False,,False,long,5m,2026-03-16 16:13:26
False,reentry_check,True,ok,ETH-USDT-SWAP,2273.5,False,,False,short,5m,2026-03-16 16:13:26
False,reentry_check,True,ok,ETHFI-USDT-SWAP,0.7512,False,,False,long,5m,2026-03-16 16:13:26
False,reentry_check,True,ok,ETHFI-USDT-SWAP,0.7512,False,,False,short,5m,2026-03-16 16:13:26
,reentry_check,True,scan,ETHFI-USDT-SWAP,0.7512,False,0.0,,scan,5m,2026-03-16 16:13:27
False,reentry_check,True,ok,ETHW-USDT-SWAP,0.3784,False,,False,long,5m,2026-03-16 16:13:27
False,reentry_check,True,ok,ETHW-USDT-SWAP,0.3784,False,,False,short,5m,2026-03-16 16:13:27
False,reentry_check,True,ok,FIL-USDT-SWAP,0.933,False,,False,long,5m,2026-03-16 16:13:27
False,reentry_check,True,ok,FIL-USDT-SWAP,0.933,False,,False,short,5m,2026-03-16 16:13:27
,reentry_check,True,scan,FIL-USDT-SWAP,0.933,False,0.0,,scan,5m,2026-03-16 16:13:28
False,reentry_check,True,ok,FLOKI-USDT-SWAP,3.21e-05,False,,False,long,5m,2026-03-16 16:13:28
False,reentry_check,True,ok,FLOKI-USDT-SWAP,3.21e-05,False,,False,short,5m,2026-03-16 16:13:28
False,reentry_check,True,ok,GMT-USDT-SWAP,0.00873,False,,False,long,5m,2026-03-16 16:13:28
False,reentry_check,True,ok,GMT-USDT-SWAP,0.00873,False,,False,short,5m,2026-03-16 16:13:28
False,reentry_check,True,ok,H-USDT-SWAP,0.0786,False,,False,long,5m,2026-03-16 16:13:29
False,reentry_check,True,ok,H-USDT-SWAP,0.0786,False,,False,short,5m,2026-03-16 16:13:29
False,reentry_check,True,ok,HBAR-USDT-SWAP,0.0984,False,,False,long,5m,2026-03-16 16:13:29
False,reentry_check,True,ok,HBAR-USDT-SWAP,0.0984,False,,False,short,5m,2026-03-16 16:13:29
False,reentry_check,True,ok,HOME-USDT-SWAP,0.02265,False,,False,long,5m,2026-03-16 16:13:29
False,reentry_check,True,ok,HOME-USDT-SWAP,0.02265,False,,False,short,5m,2026-03-16 16:13:29
False,reentry_check,True,ok,ICP-USDT-SWAP,2.701,False,,False,long,5m,2026-03-16 16:13:30
False,reentry_check,True,ok,ICP-USDT-SWAP,2.701,False,,False,short,5m,2026-03-16 16:13:30
False,reentry_check,True,ok,INJ-USDT-SWAP,3.179,False,,False,long,5m,2026-03-16 16:13:30
False,reentry_check,True,ok,INJ-USDT-SWAP,3.179,False,,False,short,5m,2026-03-16 16:13:30
False,reentry_check,True,ok,IOTA-USDT-SWAP,0.0657,False,,False,long,5m,2026-03-16 16:13:31
False,reentry_check,True,ok,IOTA-USDT-SWAP,0.0657,False,,False,short,5m,2026-03-16 16:13:31
False,reentry_check,True,ok,JUP-USDT-SWAP,0.1691,False,,False,long,5m,2026-03-16 16:13:31
False,reentry_check,True,ok,JUP-USDT-SWAP,0.1691,False,,False,short,5m,2026-03-16 16:13:31
False,reentry_check,True,ok,KSM-USDT-SWAP,4.762,False,,False,long,5m,2026-03-16 16:13:31
False,reentry_check,True,ok,KSM-USDT-SWAP,4.762,False,,False,short,5m,2026-03-16 16:13:31
False,reentry_check,True,ok,LDO-USDT-SWAP,0.3214,False,,False,long,5m,2026-03-16 16:13:32
False,reentry_check,True,ok,LDO-USDT-SWAP,0.3214,False,,False,short,5m,2026-03-16 16:13:32
,reentry_check,True,scan,LDO-USDT-SWAP,0.3214,False,0.0,,scan,5m,2026-03-16 16:13:32
False,reentry_check,True,ok,LINEA-USDT-SWAP,0.003487,False,,False,long,5m,2026-03-16 16:13:33
False,reentry_check,True,ok,LINEA-USDT-SWAP,0.003487,False,,False,short,5m,2026-03-16 16:13:33
False,reentry_check,True,ok,LINK-USDT-SWAP,10.225,False,,False,long,5m,2026-03-16 16:13:33
False,reentry_check,True,ok,LINK-USDT-SWAP,10.225,False,,False,short,5m,2026-03-16 16:13:33
False,reentry_check,True,ok,LIT-USDT-SWAP,1.088,False,,False,long,5m,2026-03-16 16:13:33
False,reentry_check,True,ok,LIT-USDT-SWAP,1.088,False,,False,short,5m,2026-03-16 16:13:33
False,reentry_check,True,ok,LPT-USDT-SWAP,2.276,False,,False,long,5m,2026-03-16 16:13:33
False,reentry_check,True,ok,LPT-USDT-SWAP,2.276,False,,False,short,5m,2026-03-16 16:13:33
False,reentry_check,True,ok,LRC-USDT-SWAP,0.02943,False,,False,long,5m,2026-03-16 16:13:34
False,reentry_check,True,ok,LRC-USDT-SWAP,0.02943,False,,False,short,5m,2026-03-16 16:13:34
False,reentry_check,True,ok,LTC-USDT-SWAP,57.59,False,,False,long,5m,2026-03-16 16:13:34
False,reentry_check,True,ok,LTC-USDT-SWAP,57.59,False,,False,short,5m,2026-03-16 16:13:34
False,reentry_check,True,ok,MAGIC-USDT-SWAP,0.0845,False,,False,long,5m,2026-03-16 16:13:35
False,reentry_check,True,ok,MAGIC-USDT-SWAP,0.0845,False,,False,short,5m,2026-03-16 16:13:35
,reentry_check,True,scan,MAGIC-USDT-SWAP,0.0845,False,0.0,,scan,5m,2026-03-16 16:13:35
False,reentry_check,True,ok,MAJOR-USDT-SWAP,0.0635,False,,False,long,5m,2026-03-16 16:13:35
False,reentry_check,True,ok,MAJOR-USDT-SWAP,0.0635,False,,False,short,5m,2026-03-16 16:13:35
False,reentry_check,True,ok,MASK-USDT-SWAP,0.6124,False,,False,long,5m,2026-03-16 16:13:36
False,reentry_check,True,ok,MASK-USDT-SWAP,0.6124,False,,False,short,5m,2026-03-16 16:13:36
False,reentry_check,True,ok,MET-USDT-SWAP,0.1677,False,,False,long,5m,2026-03-16 16:13:36
False,reentry_check,True,ok,MET-USDT-SWAP,0.1677,False,,False,short,5m,2026-03-16 16:13:36
False,reentry_check,True,ok,MINA-USDT-SWAP,0.0596,False,,False,long,5m,2026-03-16 16:13:36
False,reentry_check,True,ok,MINA-USDT-SWAP,0.0596,False,,False,short,5m,2026-03-16 16:13:36
,reentry_check,True,scan,MINA-USDT-SWAP,0.0596,False,0.0,,scan,5m,2026-03-16 16:13:37
False,reentry_check,True,ok,MUBARAK-USDT-SWAP,0.01584,False,,False,long,5m,2026-03-16 16:13:37
False,reentry_check,True,ok,MUBARAK-USDT-SWAP,0.01584,False,,False,short,5m,2026-03-16 16:13:37
False,reentry_check,True,ok,NEO-USDT-SWAP,3.652,False,,False,long,5m,2026-03-16 16:13:38
False,reentry_check,True,ok,NEO-USDT-SWAP,3.652,False,,False,short,5m,2026-03-16 16:13:38
False,reentry_check,True,ok,NOT-USDT-SWAP,0.0004221,False,,False,long,5m,2026-03-16 16:13:38
False,reentry_check,True,ok,NOT-USDT-SWAP,0.0004221,False,,False,short,5m,2026-03-16 16:13:38
False,reentry_check,True,ok,OP-USDT-SWAP,0.1312,False,,False,long,5m,2026-03-16 16:13:38
False,reentry_check,True,ok,OP-USDT-SWAP,0.1312,False,,False,short,5m,2026-03-16 16:13:38
False,reentry_check,True,ok,PEPE-USDT-SWAP,3.595e-06,False,,False,long,5m,2026-03-16 16:13:39
False,reentry_check,True,ok,PEPE-USDT-SWAP,3.595e-06,False,,False,short,5m,2026-03-16 16:13:39
False,reentry_check,True,ok,QTUM-USDT-SWAP,0.937,False,,False,long,5m,2026-03-16 16:13:39
False,reentry_check,True,ok,QTUM-USDT-SWAP,0.937,False,,False,short,5m,2026-03-16 16:13:39
False,reentry_check,True,ok,RAVE-USDT-SWAP,0.00744,False,,False,long,5m,2026-03-16 16:13:40
False,reentry_check,True,ok,RAVE-USDT-SWAP,0.00744,False,,False,short,5m,2026-03-16 16:13:40
False,reentry_check,True,ok,RESOLV-USDT-SWAP,0.06476,False,,False,long,5m,2026-03-16 16:13:40
False,reentry_check,True,ok,RESOLV-USDT-SWAP,0.06476,False,,False,short,5m,2026-03-16 16:13:40
False,reentry_check,True,ok,SAND-USDT-SWAP,0.0862,False,,False,long,5m,2026-03-16 16:13:41
False,reentry_check,True,ok,SAND-USDT-SWAP,0.0862,False,,False,short,5m,2026-03-16 16:13:41
False,reentry_check,True,ok,SKY-USDT-SWAP,0.03435,False,,False,long,5m,2026-03-16 16:13:42
False,reentry_check,True,ok,SKY-USDT-SWAP,0.03435,False,,False,short,5m,2026-03-16 16:13:42
False,reentry_check,True,ok,SOL-USDT-SWAP,93.7,False,,False,long,5m,2026-03-16 16:13:42
False,reentry_check,True,ok,SOL-USDT-SWAP,93.7,False,,False,short,5m,2026-03-16 16:13:42
False,reentry_check,True,ok,SUI-USDT-SWAP,1.05615,False,,False,long,5m,2026-03-16 16:13:43
False,reentry_check,True,ok,SUI-USDT-SWAP,1.05615,False,,False,short,5m,2026-03-16 16:13:43
False,reentry_check,True,ok,SUSHI-USDT-SWAP,0.22,False,,False,long,5m,2026-03-16 16:13:44
False,reentry_check,True,ok,SUSHI-USDT-SWAP,0.22,False,,False,short,5m,2026-03-16 16:13:44
,reentry_check,True,scan,SUSHI-USDT-SWAP,0.22,False,0.0,,scan,5m,2026-03-16 16:13:44
False,reentry_check,True,ok,SYRUP-USDT-SWAP,0.2647,False,,False,long,5m,2026-03-16 16:13:44
False,reentry_check,True,ok,SYRUP-USDT-SWAP,0.2647,False,,False,short,5m,2026-03-16 16:13:44
False,reentry_check,True,ok,THETA-USDT-SWAP,0.1782,False,,False,long,5m,2026-03-16 16:13:46
False,reentry_check,True,ok,THETA-USDT-SWAP,0.1782,False,,False,short,5m,2026-03-16 16:13:46
False,reentry_check,True,ok,TON-USDT-SWAP,1.325,False,,False,long,5m,2026-03-16 16:13:46
False,reentry_check,True,ok,TON-USDT-SWAP,1.325,False,,False,short,5m,2026-03-16 16:13:46
,reentry_check,True,scan,TON-USDT-SWAP,1.325,False,0.0,,scan,5m,2026-03-16 16:13:46
False,reentry_check,True,ok,TRX-USDT-SWAP,0.2982,False,,False,long,5m,2026-03-16 16:13:47
False,reentry_check,True,ok,TRX-USDT-SWAP,0.2982,False,,False,short,5m,2026-03-16 16:13:47
False,reentry_check,True,ok,TSLA-USDT-SWAP,397.23,False,,False,long,5m,2026-03-16 16:13:47
False,reentry_check,True,ok,TSLA-USDT-SWAP,397.23,False,,False,short,5m,2026-03-16 16:13:47
False,reentry_check,True,ok,XAG-USDT-SWAP,79.96,False,,False,long,5m,2026-03-16 16:13:48
False,reentry_check,True,ok,XAG-USDT-SWAP,79.96,False,,False,short,5m,2026-03-16 16:13:48
False,reentry_check,True,ok,XAU-USDT-SWAP,5287.2,False,,False,long,5m,2026-03-16 16:13:48
False,reentry_check,True,ok,XAU-USDT-SWAP,5287.2,False,,False,short,5m,2026-03-16 16:13:48
False,reentry_check,True,ok,XLM-USDT-SWAP,0.17212,False,,False,long,5m,2026-03-16 16:13:48
False,reentry_check,True,ok,XLM-USDT-SWAP,0.17212,False,,False,short,5m,2026-03-16 16:13:48
False,reentry_check,True,ok,XPL-USDT-SWAP,0.1475,False,,False,long,5m,2026-03-16 16:13:48
False,reentry_check,True,ok,XPL-USDT-SWAP,0.1475,False,,False,short,5m,2026-03-16 16:13:48
False,reentry_check,True,ok,XRP-USDT-SWAP,1.4368,False,,False,long,5m,2026-03-16 16:13:49
False,reentry_check,True,ok,XRP-USDT-SWAP,1.4368,False,,False,short,5m,2026-03-16 16:13:49
False,reentry_check,True,ok,XSR-USDT-SWAP,24804.0925,False,,False,long,5m,2026-03-16 16:13:49
False,reentry_check,True,ok,XSR-USDT-SWAP,24804.0925,False,,False,short,5m,2026-03-16 16:13:49
False,reentry_check,True,ok,XTZ-USDT-SWAP,0.3781,False,,False,long,5m,2026-03-16 16:13:49
False,reentry_check,True,ok,XTZ-USDT-SWAP,0.3781,False,,False,short,5m,2026-03-16 16:13:49
,reentry_check,True,scan,XTZ-USDT-SWAP,0.3781,False,0.0,,scan,5m,2026-03-16 16:13:50
False,reentry_check,True,ok,YB-USDT-SWAP,0.1554,False,,False,long,5m,2026-03-16 16:13:50
False,reentry_check,True,ok,YB-USDT-SWAP,0.1554,False,,False,short,5m,2026-03-16 16:13:50
False,reentry_check,True,ok,YFI-USDT-SWAP,3439.8,False,,False,long,5m,2026-03-16 16:13:50
False,reentry_check,True,ok,YFI-USDT-SWAP,3439.8,False,,False,short,5m,2026-03-16 16:13:50
False,reentry_check,True,ok,YGG-USDT-SWAP,0.048,False,,False,long,5m,2026-03-16 16:13:51
False,reentry_check,True,ok,YGG-USDT-SWAP,0.048,False,,False,short,5m,2026-03-16 16:13:51
False,reentry_check,True,ok,ZAMA-USDT-SWAP,0.02188,False,,False,long,5m,2026-03-16 16:13:51
False,reentry_check,True,ok,ZAMA-USDT-SWAP,0.02188,False,,False,short,5m,2026-03-16 16:13:51
False,reentry_check,True,ok,ZIL-USDT-SWAP,0.004314,False,,False,long,5m,2026-03-16 16:13:52
False,reentry_check,True,ok,ZIL-USDT-SWAP,0.004314,False,,False,short,5m,2026-03-16 16:13:52
False,reentry_check,True,ok,1INCH-USDT-SWAP,0.101,False,,False,long,5m,2026-03-16 16:14:15
False,reentry_check,True,ok,1INCH-USDT-SWAP,0.101,False,,False,short,5m,2026-03-16 16:14:15
False,reentry_check,True,ok,2Z-USDT-SWAP,0.0842,False,,False,long,5m,2026-03-16 16:14:15
False,reentry_check,True,ok,2Z-USDT-SWAP,0.0842,False,,False,short,5m,2026-03-16 16:14:15
False,reentry_check,True,ok,A-USDT-SWAP,0.0824,False,,False,long,5m,2026-03-16 16:14:15
False,reentry_check,True,ok,A-USDT-SWAP,0.0824,False,,False,short,5m,2026-03-16 16:14:15
False,reentry_check,True,ok,AAVE-USDT-SWAP,120.34,False,,False,long,5m,2026-03-16 16:14:16
False,reentry_check,True,ok,AAVE-USDT-SWAP,120.34,False,,False,short,5m,2026-03-16 16:14:16
False,reentry_check,True,ok,ACT-USDT-SWAP,0.01443,False,,False,long,5m,2026-03-16 16:14:16
False,reentry_check,True,ok,ACT-USDT-SWAP,0.01443,False,,False,short,5m,2026-03-16 16:14:16
False,reentry_check,True,ok,ADA-USDT-SWAP,0.1996,False,,False,long,5m,2026-03-16 16:14:16
False,reentry_check,True,ok,ADA-USDT-SWAP,0.1996,False,,False,short,5m,2026-03-16 16:14:16
False,reentry_check,True,ok,AI16Z-USDT-SWAP,0.05902,False,,False,long,5m,2026-03-16 16:14:17
False,reentry_check,True,ok,AI16Z-USDT-SWAP,0.05902,False,,False,short,5m,2026-03-16 16:14:17
False,reentry_check,True,ok,ALGO-USDT-SWAP,0.0942,False,,False,long,5m,2026-03-16 16:14:17
False,reentry_check,True,ok,ALGO-USDT-SWAP,0.0942,False,,False,short,5m,2026-03-16 16:14:17
False,reentry_check,True,ok,ARB-USDT-SWAP,0.1078,False,,False,long,5m,2026-03-16 16:14:17
False,reentry_check,True,ok,ARB-USDT-SWAP,0.1078,False,,False,short,5m,2026-03-16 16:14:17
False,reentry_check,True,ok,ASTER-USDT-SWAP,0.7149,False,,False,long,5m,2026-03-16 16:14:18
False,reentry_check,True,ok,ASTER-USDT-SWAP,0.7149,False,,False,short,5m,2026-03-16 16:14:18
,reentry_check,True,scan,ASTER-USDT-SWAP,0.7149,False,0.0,,scan,5m,2026-03-16 16:14:18
False,reentry_check,True,ok,ATOM-USDT-SWAP,1.9,False,,False,long,5m,2026-03-16 16:14:19
False,reentry_check,True,ok,ATOM-USDT-SWAP,1.9,False,,False,short,5m,2026-03-16 16:14:19
False,reentry_check,True,ok,AUCTION-USDT-SWAP,4.906,False,,False,long,5m,2026-03-16 16:14:19
False,reentry_check,True,ok,AUCTION-USDT-SWAP,4.906,False,,False,short,5m,2026-03-16 16:14:19
False,reentry_check,True,ok,AVAX-USDT-SWAP,7.328,False,,False,long,5m,2026-03-16 16:14:19
False,reentry_check,True,ok,AVAX-USDT-SWAP,7.328,False,,False,short,5m,2026-03-16 16:14:19
False,reentry_check,True,ok,AXS-USDT-SWAP,1.2272,False,,False,long,5m,2026-03-16 16:14:19
False,reentry_check,True,ok,AXS-USDT-SWAP,1.2272,False,,False,short,5m,2026-03-16 16:14:19
False,reentry_check,True,ok,BCH-USDT-SWAP,475.1,False,,False,long,5m,2026-03-16 16:14:19
False,reentry_check,True,ok,BCH-USDT-SWAP,475.1,False,,False,short,5m,2026-03-16 16:14:19
False,reentry_check,True,ok,BIO-USDT-SWAP,0.02594,False,,False,long,5m,2026-03-16 16:14:19
False,reentry_check,True,ok,BIO-USDT-SWAP,0.02594,False,,False,short,5m,2026-03-16 16:14:19
False,reentry_check,True,ok,BNB-USDT-SWAP,723.1,False,,False,long,5m,2026-03-16 16:14:19
False,reentry_check,True,ok,BNB-USDT-SWAP,723.1,False,,False,short,5m,2026-03-16 16:14:19
False,reentry_check,True,ok,BOME-USDT-SWAP,0.000485,False,,False,long,5m,2026-03-16 16:14:19
False,reentry_check,True,ok,BOME-USDT-SWAP,0.000485,False,,False,short,5m,2026-03-16 16:14:19
False,reentry_check,True,ok,BRETT-USDT-SWAP,0.0082,False,,False,long,5m,2026-03-16 16:14:19
False,reentry_check,True,ok,BRETT-USDT-SWAP,0.0082,False,,False,short,5m,2026-03-16 16:14:19
False,reentry_check,True,ok,BTC-USDT-SWAP,73957.5,False,,False,long,5m,2026-03-16 16:14:20
False,reentry_check,True,ok,BTC-USDT-SWAP,73957.5,False,,False,short,5m,2026-03-16 16:14:20
False,reentry_check,True,ok,CAT-USDT-SWAP,2.057e-06,False,,False,long,5m,2026-03-16 16:14:20
False,reentry_check,True,ok,CAT-USDT-SWAP,2.057e-06,False,,False,short,5m,2026-03-16 16:14:20
False,reentry_check,True,ok,CATI-USDT-SWAP,0.0308,False,,False,long,5m,2026-03-16 16:14:20
False,reentry_check,True,ok,CATI-USDT-SWAP,0.0308,False,,False,short,5m,2026-03-16 16:14:20
False,reentry_check,True,ok,CELO-USDT-SWAP,0.079,False,,False,long,5m,2026-03-16 16:14:21
False,reentry_check,True,ok,CELO-USDT-SWAP,0.079,False,,False,short,5m,2026-03-16 16:14:21
False,reentry_check,True,ok,CFX-USDT-SWAP,0.06497,False,,False,long,5m,2026-03-16 16:14:21
False,reentry_check,True,ok,CFX-USDT-SWAP,0.06497,False,,False,short,5m,2026-03-16 16:14:21
False,reentry_check,True,ok,CHZ-USDT-SWAP,0.03945,False,,False,long,5m,2026-03-16 16:14:21
False,reentry_check,True,ok,CHZ-USDT-SWAP,0.03945,False,,False,short,5m,2026-03-16 16:14:21
False,reentry_check,True,ok,COMP-USDT-SWAP,19.36,False,,False,long,5m,2026-03-16 16:14:22
False,reentry_check,True,ok,COMP-USDT-SWAP,19.36,False,,False,short,5m,2026-03-16 16:14:22
False,reentry_check,True,ok,CRV-USDT-SWAP,0.2476,False,,False,long,5m,2026-03-16 16:14:22
False,reentry_check,True,ok,CRV-USDT-SWAP,0.2476,False,,False,short,5m,2026-03-16 16:14:22
False,reentry_check,True,ok,DOGE-USDT-SWAP,0.0998,False,,False,long,5m,2026-03-16 16:14:22
False,reentry_check,True,ok,DOGE-USDT-SWAP,0.0998,False,,False,short,5m,2026-03-16 16:14:22
False,reentry_check,True,ok,DOT-USDT-SWAP,1.593,False,,False,long,5m,2026-03-16 16:14:23
False,reentry_check,True,ok,DOT-USDT-SWAP,1.593,False,,False,short,5m,2026-03-16 16:14:23
False,reentry_check,True,ok,ENA-USDT-SWAP,0.1127,False,,False,long,5m,2026-03-16 16:14:23
False,reentry_check,True,ok,ENA-USDT-SWAP,0.1127,False,,False,short,5m,2026-03-16 16:14:23
False,reentry_check,True,ok,ETH-USDT-SWAP,2273.5,False,,False,long,5m,2026-03-16 16:14:24
False,reentry_check,True,ok,ETH-USDT-SWAP,2273.5,False,,False,short,5m,2026-03-16 16:14:24
False,reentry_check,True,ok,ETHFI-USDT-SWAP,0.7512,False,,False,long,5m,2026-03-16 16:14:24
False,reentry_check,True,ok,ETHFI-USDT-SWAP,0.7512,False,,False,short,5m,2026-03-16 16:14:24
,reentry_check,True,scan,ETHFI-USDT-SWAP,0.7512,False,0.0,,scan,5m,2026-03-16 16:14:24
False,reentry_check,True,ok,ETHW-USDT-SWAP,0.3784,False,,False,long,5m,2026-03-16 16:14:25
False,reentry_check,True,ok,ETHW-USDT-SWAP,0.3784,False,,False,short,5m,2026-03-16 16:14:25
False,reentry_check,True,ok,FLOKI-USDT-SWAP,3.21e-05,False,,False,long,5m,2026-03-16 16:14:25
False,reentry_check,True,ok,FLOKI-USDT-SWAP,3.21e-05,False,,False,short,5m,2026-03-16 16:14:25
False,reentry_check,True,ok,GMT-USDT-SWAP,0.00873,False,,False,long,5m,2026-03-16 16:14:25
False,reentry_check,True,ok,GMT-USDT-SWAP,0.00873,False,,False,short,5m,2026-03-16 16:14:25
False,reentry_check,True,ok,H-USDT-SWAP,0.0786,False,,False,long,5m,2026-03-16 16:14:25
False,reentry_check,True,ok,H-USDT-SWAP,0.0786,False,,False,short,5m,2026-03-16 16:14:25
False,reentry_check,True,ok,HBAR-USDT-SWAP,0.0984,False,,False,long,5m,2026-03-16 16:14:26
False,reentry_check,True,ok,HBAR-USDT-SWAP,0.0984,False,,False,short,5m,2026-03-16 16:14:26
False,reentry_check,True,ok,HOME-USDT-SWAP,0.02265,False,,False,long,5m,2026-03-16 16:14:26
False,reentry_check,True,ok,HOME-USDT-SWAP,0.02265,False,,False,short,5m,2026-03-16 16:14:26
False,reentry_check,True,ok,ICP-USDT-SWAP,2.701,False,,False,long,5m,2026-03-16 16:14:27
False,reentry_check,True,ok,ICP-USDT-SWAP,2.701,False,,False,short,5m,2026-03-16 16:14:27
False,reentry_check,True,ok,INJ-USDT-SWAP,3.179,False,,False,long,5m,2026-03-16 16:14:27
False,reentry_check,True,ok,INJ-USDT-SWAP,3.179,False,,False,short,5m,2026-03-16 16:14:27
False,reentry_check,True,ok,IOTA-USDT-SWAP,0.0657,False,,False,long,5m,2026-03-16 16:14:28
False,reentry_check,True,ok,IOTA-USDT-SWAP,0.0657,False,,False,short,5m,2026-03-16 16:14:28
False,reentry_check,True,ok,JUP-USDT-SWAP,0.1691,False,,False,long,5m,2026-03-16 16:14:28
False,reentry_check,True,ok,JUP-USDT-SWAP,0.1691,False,,False,short,5m,2026-03-16 16:14:28
False,reentry_check,True,ok,KSM-USDT-SWAP,4.762,False,,False,long,5m,2026-03-16 16:14:29
False,reentry_check,True,ok,KSM-USDT-SWAP,4.762,False,,False,short,5m,2026-03-16 16:14:29
False,reentry_check,True,ok,LDO-USDT-SWAP,0.3214,False,,False,long,5m,2026-03-16 16:14:29
False,reentry_check,True,ok,LDO-USDT-SWAP,0.3214,False,,False,short,5m,2026-03-16 16:14:29
,reentry_check,True,scan,LDO-USDT-SWAP,0.3214,False,0.0,,scan,5m,2026-03-16 16:14:29
False,reentry_check,True,ok,LINEA-USDT-SWAP,0.003487,False,,False,long,5m,2026-03-16 16:14:29
False,reentry_check,True,ok,LINEA-USDT-SWAP,0.003487,False,,False,short,5m,2026-03-16 16:14:29
False,reentry_check,True,ok,LINK-USDT-SWAP,10.225,False,,False,long,5m,2026-03-16 16:14:30
False,reentry_check,True,ok,LINK-USDT-SWAP,10.225,False,,False,short,5m,2026-03-16 16:14:30
False,reentry_check,True,ok,LIT-USDT-SWAP,1.088,False,,False,long,5m,2026-03-16 16:14:30
False,reentry_check,True,ok,LIT-USDT-SWAP,1.088,False,,False,short,5m,2026-03-16 16:14:30
False,reentry_check,True,ok,LPT-USDT-SWAP,2.276,False,,False,long,5m,2026-03-16 16:14:30
False,reentry_check,True,ok,LPT-USDT-SWAP,2.276,False,,False,short,5m,2026-03-16 16:14:30
False,reentry_check,True,ok,LRC-USDT-SWAP,0.02943,False,,False,long,5m,2026-03-16 16:14:31
False,reentry_check,True,ok,LRC-USDT-SWAP,0.02943,False,,False,short,5m,2026-03-16 16:14:31
False,reentry_check,True,ok,LTC-USDT-SWAP,57.59,False,,False,long,5m,2026-03-16 16:14:31
False,reentry_check,True,ok,LTC-USDT-SWAP,57.59,False,,False,short,5m,2026-03-16 16:14:31
False,reentry_check,True,ok,MAGIC-USDT-SWAP,0.0845,False,,False,long,5m,2026-03-16 16:14:32
False,reentry_check,True,ok,MAGIC-USDT-SWAP,0.0845,False,,False,short,5m,2026-03-16 16:14:32
,reentry_check,True,scan,MAGIC-USDT-SWAP,0.0845,False,0.0,,scan,5m,2026-03-16 16:14:32
False,reentry_check,True,ok,MAJOR-USDT-SWAP,0.0635,False,,False,long,5m,2026-03-16 16:14:32
False,reentry_check,True,ok,MAJOR-USDT-SWAP,0.0635,False,,False,short,5m,2026-03-16 16:14:32
False,reentry_check,True,ok,MASK-USDT-SWAP,0.6124,False,,False,long,5m,2026-03-16 16:14:32
False,reentry_check,True,ok,MASK-USDT-SWAP,0.6124,False,,False,short,5m,2026-03-16 16:14:32
False,reentry_check,True,ok,MET-USDT-SWAP,0.1677,False,,False,long,5m,2026-03-16 16:14:33
False,reentry_check,True,ok,MET-USDT-SWAP,0.1677,False,,False,short,5m,2026-03-16 16:14:33
False,reentry_check,True,ok,MUBARAK-USDT-SWAP,0.01584,False,,False,long,5m,2026-03-16 16:14:33
False,reentry_check,True,ok,MUBARAK-USDT-SWAP,0.01584,False,,False,short,5m,2026-03-16 16:14:33
False,reentry_check,True,ok,NEO-USDT-SWAP,3.652,False,,False,long,5m,2026-03-16 16:14:34
False,reentry_check,True,ok,NEO-USDT-SWAP,3.652,False,,False,short,5m,2026-03-16 16:14:34
False,reentry_check,True,ok,NOT-USDT-SWAP,0.0004221,False,,False,long,5m,2026-03-16 16:14:34
False,reentry_check,True,ok,NOT-USDT-SWAP,0.0004221,False,,False,short,5m,2026-03-16 16:14:34
False,reentry_check,True,ok,OP-USDT-SWAP,0.1312,False,,False,long,5m,2026-03-16 16:14:35
False,reentry_check,True,ok,OP-USDT-SWAP,0.1312,False,,False,short,5m,2026-03-16 16:14:35
False,reentry_check,True,ok,PEPE-USDT-SWAP,3.595e-06,False,,False,long,5m,2026-03-16 16:14:35
False,reentry_check,True,ok,PEPE-USDT-SWAP,3.595e-06,False,,False,short,5m,2026-03-16 16:14:35
False,reentry_check,True,ok,QTUM-USDT-SWAP,0.937,False,,False,long,5m,2026-03-16 16:14:36
False,reentry_check,True,ok,QTUM-USDT-SWAP,0.937,False,,False,short,5m,2026-03-16 16:14:36
False,reentry_check,True,ok,RAVE-USDT-SWAP,0.00744,False,,False,long,5m,2026-03-16 16:14:36
False,reentry_check,True,ok,RAVE-USDT-SWAP,0.00744,False,,False,short,5m,2026-03-16 16:14:36
False,reentry_check,True,ok,RESOLV-USDT-SWAP,0.06476,False,,False,long,5m,2026-03-16 16:14:36
False,reentry_check,True,ok,RESOLV-USDT-SWAP,0.06476,False,,False,short,5m,2026-03-16 16:14:36
False,reentry_check,True,ok,SAND-USDT-SWAP,0.0862,False,,False,long,5m,2026-03-16 16:14:37
False,reentry_check,True,ok,SAND-USDT-SWAP,0.0862,False,,False,short,5m,2026-03-16 16:14:37
False,reentry_check,True,ok,SKY-USDT-SWAP,0.03435,False,,False,long,5m,2026-03-16 16:14:38
False,reentry_check,True,ok,SKY-USDT-SWAP,0.03435,False,,False,short,5m,2026-03-16 16:14:38
False,reentry_check,True,ok,SOL-USDT-SWAP,93.7,False,,False,long,5m,2026-03-16 16:14:38
False,reentry_check,True,ok,SOL-USDT-SWAP,93.7,False,,False,short,5m,2026-03-16 16:14:38
False,reentry_check,True,ok,SUI-USDT-SWAP,1.05615,False,,False,long,5m,2026-03-16 16:14:39
False,reentry_check,True,ok,SUI-USDT-SWAP,1.05615,False,,False,short,5m,2026-03-16 16:14:39
False,reentry_check,True,ok,SUSHI-USDT-SWAP,0.22,False,,False,long,5m,2026-03-16 16:14:39
False,reentry_check,True,ok,SUSHI-USDT-SWAP,0.22,False,,False,short,5m,2026-03-16 16:14:39
,reentry_check,True,scan,SUSHI-USDT-SWAP,0.22,False,0.0,,scan,5m,2026-03-16 16:14:40
False,reentry_check,True,ok,SYRUP-USDT-SWAP,0.2647,False,,False,long,5m,2026-03-16 16:14:40
False,reentry_check,True,ok,SYRUP-USDT-SWAP,0.2647,False,,False,short,5m,2026-03-16 16:14:40
False,reentry_check,True,ok,THETA-USDT-SWAP,0.1782,False,,False,long,5m,2026-03-16 16:14:41
False,reentry_check,True,ok,THETA-USDT-SWAP,0.1782,False,,False,short,5m,2026-03-16 16:14:41
False,reentry_check,True,ok,TON-USDT-SWAP,1.325,False,,False,long,5m,2026-03-16 16:14:41
False,reentry_check,True,ok,TON-USDT-SWAP,1.325,False,,False,short,5m,2026-03-16 16:14:41
,reentry_check,True,scan,TON-USDT-SWAP,1.325,False,0.0,,scan,5m,2026-03-16 16:14:42
False,reentry_check,True,ok,TRX-USDT-SWAP,0.2982,False,,False,long,5m,2026-03-16 16:14:42
False,reentry_check,True,ok,TRX-USDT-SWAP,0.2982,False,,False,short,5m,2026-03-16 16:14:42
False,reentry_check,True,ok,TSLA-USDT-SWAP,397.23,False,,False,long,5m,2026-03-16 16:14:43
False,reentry_check,True,ok,TSLA-USDT-SWAP,397.23,False,,False,short,5m,2026-03-16 16:14:43
False,reentry_check,True,ok,XAG-USDT-SWAP,79.96,False,,False,long,5m,2026-03-16 16:14:43
False,reentry_check,True,ok,XAG-USDT-SWAP,79.96,False,,False,short,5m,2026-03-16 16:14:43
False,reentry_check,True,ok,XAU-USDT-SWAP,5287.2,False,,False,long,5m,2026-03-16 16:14:43
False,reentry_check,True,ok,XAU-USDT-SWAP,5287.2,False,,False,short,5m,2026-03-16 16:14:43
False,reentry_check,True,ok,XLM-USDT-SWAP,0.17212,False,,False,long,5m,2026-03-16 16:14:44
False,reentry_check,True,ok,XLM-USDT-SWAP,0.17212,False,,False,short,5m,2026-03-16 16:14:44
False,reentry_check,True,ok,XPL-USDT-SWAP,0.1475,False,,False,long,5m,2026-03-16 16:14:44
False,reentry_check,True,ok,XPL-USDT-SWAP,0.1475,False,,False,short,5m,2026-03-16 16:14:44
False,reentry_check,True,ok,XRP-USDT-SWAP,1.4368,False,,False,long,5m,2026-03-16 16:14:44
False,reentry_check,True,ok,XRP-USDT-SWAP,1.4368,False,,False,short,5m,2026-03-16 16:14:44
False,reentry_check,True,ok,XSR-USDT-SWAP,24804.0925,False,,False,long,5m,2026-03-16 16:14:44
False,reentry_check,True,ok,XSR-USDT-SWAP,24804.0925,False,,False,short,5m,2026-03-16 16:14:44
False,reentry_check,True,ok,YB-USDT-SWAP,0.1554,False,,False,long,5m,2026-03-16 16:14:45
False,reentry_check,True,ok,YB-USDT-SWAP,0.1554,False,,False,short,5m,2026-03-16 16:14:45
False,reentry_check,True,ok,YFI-USDT-SWAP,3439.8,False,,False,long,5m,2026-03-16 16:14:45
False,reentry_check,True,ok,YFI-USDT-SWAP,3439.8,False,,False,short,5m,2026-03-16 16:14:45
False,reentry_check,True,ok,YGG-USDT-SWAP,0.048,False,,False,long,5m,2026-03-16 16:14:45
False,reentry_check,True,ok,YGG-USDT-SWAP,0.048,False,,False,short,5m,2026-03-16 16:14:45
False,reentry_check,True,ok,ZAMA-USDT-SWAP,0.02188,False,,False,long,5m,2026-03-16 16:14:46
False,reentry_check,True,ok,ZAMA-USDT-SWAP,0.02188,False,,False,short,5m,2026-03-16 16:14:46
False,reentry_check,True,ok,ZIL-USDT-SWAP,0.004314,False,,False,long,5m,2026-03-16 16:14:47
False,reentry_check,True,ok,ZIL-USDT-SWAP,0.004314,False,,False,short,5m,2026-03-16 16:14:47
False,reentry_check,True,ok,1INCH-USDT-SWAP,0.1017,False,,False,long,5m,2026-03-16 16:15:11
False,reentry_check,True,ok,1INCH-USDT-SWAP,0.1017,False,,False,short,5m,2026-03-16 16:15:11
False,reentry_check,True,ok,2Z-USDT-SWAP,0.0853,False,,False,long,5m,2026-03-16 16:15:11
False,reentry_check,True,ok,2Z-USDT-SWAP,0.0853,False,,False,short,5m,2026-03-16 16:15:11
False,reentry_check,True,ok,A-USDT-SWAP,0.0824,False,,False,long,5m,2026-03-16 16:15:11
False,reentry_check,True,ok,A-USDT-SWAP,0.0824,False,,False,short,5m,2026-03-16 16:15:11
False,reentry_check,True,ok,AAVE-USDT-SWAP,120.71,False,,False,long,5m,2026-03-16 16:15:11
False,reentry_check,True,ok,AAVE-USDT-SWAP,120.71,False,,False,short,5m,2026-03-16 16:15:11
False,reentry_check,True,ok,ACT-USDT-SWAP,0.01443,False,,False,long,5m,2026-03-16 16:15:12
False,reentry_check,True,ok,ACT-USDT-SWAP,0.01443,False,,False,short,5m,2026-03-16 16:15:12
False,reentry_check,True,ok,ADA-USDT-SWAP,0.1996,False,,False,long,5m,2026-03-16 16:15:12
False,reentry_check,True,ok,ADA-USDT-SWAP,0.1996,False,,False,short,5m,2026-03-16 16:15:12
False,reentry_check,True,ok,AI16Z-USDT-SWAP,0.05902,False,,False,long,5m,2026-03-16 16:15:12
False,reentry_check,True,ok,AI16Z-USDT-SWAP,0.05902,False,,False,short,5m,2026-03-16 16:15:12
False,reentry_check,True,ok,ALGO-USDT-SWAP,0.0943,False,,False,long,5m,2026-03-16 16:15:13
False,reentry_check,True,ok,ALGO-USDT-SWAP,0.0943,False,,False,short,5m,2026-03-16 16:15:13
False,reentry_check,True,ok,ARB-USDT-SWAP,0.1079,False,,False,long,5m,2026-03-16 16:15:13
False,reentry_check,True,ok,ARB-USDT-SWAP,0.1079,False,,False,short,5m,2026-03-16 16:15:13
