active_mode,atr,attempt,cancelled_algo_id,candle_ts,current_price,event,exchange_stop_algo_id,exchange_stop_price,exchange_stop_status,fill_price,inst_id,new_stop,old_exchange_stop,old_strategy_stop,operation,qty,reason,requested_stop,response,response_code,side,slippage_abs,strategy_price,strategy_stop_price,threshold,trade_id,trigger_price,ts
,0.00015000000000000153,,,,,STOP_ERROR,,0.0,place_pending,,BAND-USDT-SWAP,,,,place_stop,11952.0,initial_turtle_stop,0.2223849815930391,"{'code': '1', 'data': [{'algoClOrdId': '', 'algoId': '', 'clOrdId': '', 'sCode': '51302', 'sMsg': 'SL trigger price cannot be lower than the mark price ', 'tag': ''}], 'msg': '', 'newCode': '', 'traceId': ''}",,short,,,0.2223849815930391,,20260320_143550_BAND-USDT-SWAP_short,,2026-03-20 14:35:55
,0.00015000000000000153,,,,0.2225,STOP_HEALTH_CHECK,,0.0,place_error,,BAND-USDT-SWAP,,,,,11952.0,,,,,short,,,0.2223849815930391,,20260320_143550_BAND-USDT-SWAP_short,,2026-03-20 14:35:56
,0.00015000000000000153,,,,0.2225,STOP_HEALTH_MISSING,,0.0,place_error,,BAND-USDT-SWAP,,,,,11952.0,,,,,short,,,0.2223849815930391,,20260320_143550_BAND-USDT-SWAP_short,,2026-03-20 14:35:58
,0.00015000000000000153,,,,0.2225,STOP_REJECTED,,0.0,rejected_market_crossed,,BAND-USDT-SWAP,,,,place_stop,11952.0,market_already_crossed_stop,0.2223849815930391,,,short,,,0.2223849815930391,,20260320_143550_BAND-USDT-SWAP_short,,2026-03-20 14:36:01
,0.00015000000000000153,,,,0.2225,LOCAL_PROTECTIVE_EXIT,,0.0,local_protective_exit_pending,,BAND-USDT-SWAP,,,,,11952.0,market_already_crossed_stop,0.2223849815930391,"{'code': 'LOCAL', 'msg': 'market_already_crossed_stop'}",,short,,,0.2223849815930391,,20260320_143550_BAND-USDT-SWAP_short,,2026-03-20 14:36:01
,0.00015000000000000153,,,,,STOP_DESYNC,,0.0,local_protective_exit_pending,,BAND-USDT-SWAP,,,,,11952.0,stop_health_restore_failed,,,,short,,,0.2223849815930391,,20260320_143550_BAND-USDT-SWAP_short,,2026-03-20 14:36:01
,0.00015000000000000153,,,,0.2225,STOP_HEALTH_ERROR,,0.0,local_protective_exit_pending,,BAND-USDT-SWAP,,,,,11952.0,,,,,short,,,0.2223849815930391,,20260320_143550_BAND-USDT-SWAP_short,,2026-03-20 14:36:01
,0.00015000000000000153,,,1774006200000,0.2225,STOP_STRATEGY_RECALC,,0.0,local_protective_exit_pending,,BAND-USDT-SWAP,,,,,11952.0,,,,,short,,0.2224,0.2223849815930391,,20260320_143550_BAND-USDT-SWAP_short,,2026-03-20 14:36:01
,0.00015000000000000153,,,,0.2224,STOP_STRATEGY_NO_CHANGE,,0.0,local_protective_exit_pending,,BAND-USDT-SWAP,,,,,11952.0,closed_candle,0.2223849815930391,,,short,,,0.2223849815930391,,20260320_143550_BAND-USDT-SWAP_short,,2026-03-20 14:36:01
ATR,0.00015000000000000153,,,,,STOP_TRIGGERED,,0.0,local_protective_exit_pending,0.2225,BAND-USDT-SWAP,,,,,11952.0,,,,,short,-0.00011501840696090393,,0.2223849815930391,,20260320_143550_BAND-USDT-SWAP_short,0.2223849815930391,2026-03-20 14:36:01
,2.3399999999999808,1,,,,STOP_PLACED,3405923742537568256,646.38,active,,BNB-USDT-SWAP,,,,,413.0,initial_turtle_stop,646.38,,0,short,,,646.38,,20260320_144034_BNB-USDT-SWAP_short,,2026-03-20 14:40:37
,2.3399999999999808,,,,,STOP_INIT_PLACED,3405923742537568256,646.38,active,,BNB-USDT-SWAP,,,,,413.0,initial_turtle_stop,646.38,,,short,,,646.38,,20260320_144034_BNB-USDT-SWAP_short,,2026-03-20 14:40:37
,0.0005199999999999955,1,,,,STOP_PLACED,3405923917356158976,0.2682558697863683,active,,ADA-USDT-SWAP,,,,,98.3,initial_turtle_stop,0.2682558697863683,,0,short,,,0.2682558697863683,,20260320_144039_ADA-USDT-SWAP_short,,2026-03-20 14:40:43
,0.0005199999999999955,,,,,STOP_INIT_PLACED,3405923917356158976,0.2682558697863683,active,,ADA-USDT-SWAP,,,,,98.3,initial_turtle_stop,0.2682558697863683,,,short,,,0.2682558697863683,,20260320_144039_ADA-USDT-SWAP_short,,2026-03-20 14:40:43
,2.3399999999999808,,,,641.7,STOP_HEALTH_CHECK,3405923742537568256,646.38,active,,BNB-USDT-SWAP,,,,,413.0,,,,,short,,,646.38,,20260320_144034_BNB-USDT-SWAP_short,,2026-03-20 14:40:43
,2.3399999999999808,,,,641.7,STOP_HEALTH_CONFIRMED,3405923742537568256,646.3,active,,BNB-USDT-SWAP,,,,,413.0,,,,,short,,,646.38,,20260320_144034_BNB-USDT-SWAP_short,,2026-03-20 14:40:45
,2.3399999999999808,,,1774006500000,641.7,STOP_STRATEGY_RECALC,3405923742537568256,646.3,active,,BNB-USDT-SWAP,,,,,413.0,,,,,short,,642.0,646.38,,20260320_144034_BNB-USDT-SWAP_short,,2026-03-20 14:40:45
,2.3399999999999808,,,,642.0,STOP_STRATEGY_NO_CHANGE,3405923742537568256,646.3,active,,BNB-USDT-SWAP,,,,,413.0,closed_candle,646.38,,,short,,,646.38,,20260320_144034_BNB-USDT-SWAP_short,,2026-03-20 14:40:45
,0.0005199999999999955,,,,0.2672,STOP_HEALTH_CHECK,3405923917356158976,0.2682558697863683,active,,ADA-USDT-SWAP,,,,,98.3,,,,,short,,,0.2682558697863683,,20260320_144039_ADA-USDT-SWAP_short,,2026-03-20 14:40:46
,0.0005199999999999955,,,,0.2672,STOP_HEALTH_CONFIRMED,3405923917356158976,0.2682,active,,ADA-USDT-SWAP,,,,,98.3,,,,,short,,,0.2682558697863683,,20260320_144039_ADA-USDT-SWAP_short,,2026-03-20 14:40:48
,0.0005199999999999955,,,1774006500000,0.2672,STOP_STRATEGY_RECALC,3405923917356158976,0.2682,active,,ADA-USDT-SWAP,,,,,98.3,,,,,short,,0.2672,0.2682558697863683,,20260320_144039_ADA-USDT-SWAP_short,,2026-03-20 14:40:48
,0.0005199999999999955,,,,0.2672,STOP_STRATEGY_NO_CHANGE,3405923917356158976,0.2682,active,,ADA-USDT-SWAP,,,,,98.3,closed_candle,0.2682558697863683,,,short,,,0.2682558697863683,,20260320_144039_ADA-USDT-SWAP_short,,2026-03-20 14:40:48
,2.3399999999999808,,,,641.2,STOP_INIT_CONFIRMED,3405923742537568256,646.3,active,,BNB-USDT-SWAP,,,,,413.0,,646.38,,,short,,,646.38,,20260320_144034_BNB-USDT-SWAP_short,,2026-03-20 14:41:21
,0.0005199999999999955,,,,0.2672,STOP_INIT_CONFIRMED,3405923917356158976,0.2682,active,,ADA-USDT-SWAP,,,,,98.3,,0.2682558697863683,,,short,,,0.2682558697863683,,20260320_144039_ADA-USDT-SWAP_short,,2026-03-20 14:41:24
,2.3399999999999808,,,,641.2,STOP_HEALTH_CHECK,3405923742537568256,646.3,active,,BNB-USDT-SWAP,,,,,413.0,,,,,short,,,646.38,,20260320_144034_BNB-USDT-SWAP_short,,2026-03-20 14:41:55
,2.3399999999999808,,,,641.2,STOP_HEALTH_CONFIRMED,3405923742537568256,646.3,active,,BNB-USDT-SWAP,,,,,413.0,,,,,short,,,646.38,,20260320_144034_BNB-USDT-SWAP_short,,2026-03-20 14:41:58
,0.0005199999999999955,,,,0.2672,STOP_HEALTH_CHECK,3405923917356158976,0.2682,active,,ADA-USDT-SWAP,,,,,98.3,,,,,short,,,0.2682558697863683,,20260320_144039_ADA-USDT-SWAP_short,,2026-03-20 14:41:59
,0.0005199999999999955,,,,0.2672,STOP_HEALTH_CONFIRMED,3405923917356158976,0.2682,active,,ADA-USDT-SWAP,,,,,98.3,,,,,short,,,0.2682558697863683,,20260320_144039_ADA-USDT-SWAP_short,,2026-03-20 14:42:01
,2.3399999999999808,,,,641.1,STOP_HEALTH_CHECK,3405923742537568256,646.3,active,,BNB-USDT-SWAP,,,,,413.0,,,,,short,,,646.38,,20260320_144034_BNB-USDT-SWAP_short,,2026-03-20 14:43:08
,2.3399999999999808,,,,641.1,STOP_HEALTH_CONFIRMED,3405923742537568256,646.3,active,,BNB-USDT-SWAP,,,,,413.0,,,,,short,,,646.38,,20260320_144034_BNB-USDT-SWAP_short,,2026-03-20 14:43:09
,0.0005199999999999955,,,,0.2672,STOP_HEALTH_CHECK,3405923917356158976,0.2682,active,,ADA-USDT-SWAP,,,,,98.3,,,,,short,,,0.2682558697863683,,20260320_144039_ADA-USDT-SWAP_short,,2026-03-20 14:43:10
,0.0005199999999999955,,,,0.2672,STOP_HEALTH_CONFIRMED,3405923917356158976,0.2682,active,,ADA-USDT-SWAP,,,,,98.3,,,,,short,,,0.2682558697863683,,20260320_144039_ADA-USDT-SWAP_short,,2026-03-20 14:43:12
,2.3399999999999808,,,,641.0,STOP_HEALTH_CHECK,3405923742537568256,646.3,active,,BNB-USDT-SWAP,,,,,413.0,,,,,short,,,646.38,,20260320_144034_BNB-USDT-SWAP_short,,2026-03-20 14:44:15
,2.3399999999999808,,,,641.0,STOP_HEALTH_CONFIRMED,3405923742537568256,646.3,active,,BNB-USDT-SWAP,,,,,413.0,,,,,short,,,646.38,,20260320_144034_BNB-USDT-SWAP_short,,2026-03-20 14:44:17
,0.0005199999999999955,,,,0.2676,STOP_HEALTH_CHECK,3405923917356158976,0.2682,active,,ADA-USDT-SWAP,,,,,98.3,,,,,short,,,0.2682558697863683,,20260320_144039_ADA-USDT-SWAP_short,,2026-03-20 14:44:18
,0.0005199999999999955,,,,0.2676,STOP_HEALTH_CONFIRMED,3405923917356158976,0.2682,active,,ADA-USDT-SWAP,,,,,98.3,,,,,short,,,0.2682558697863683,,20260320_144039_ADA-USDT-SWAP_short,,2026-03-20 14:44:20
,2.3399999999999808,,,,641.0,STOP_HEALTH_CHECK,3405923742537568256,646.3,active,,BNB-USDT-SWAP,,,,,413.0,,,,,short,,,646.38,,20260320_144034_BNB-USDT-SWAP_short,,2026-03-20 14:45:30
,2.3399999999999808,,,,641.0,STOP_HEALTH_CONFIRMED,3405923742537568256,646.3,active,,BNB-USDT-SWAP,,,,,413.0,,,,,short,,,646.38,,20260320_144034_BNB-USDT-SWAP_short,,2026-03-20 14:45:32
,2.344999999999982,,,1774006800000,641.0,STOP_STRATEGY_RECALC,3405923742537568256,646.3,active,,BNB-USDT-SWAP,,,,,413.0,,,,,short,,641.0,646.38,,20260320_144034_BNB-USDT-SWAP_short,,2026-03-20 14:45:32
,2.344999999999982,,,,641.0,STOP_STRATEGY_NO_CHANGE,3405923742537568256,646.3,active,,BNB-USDT-SWAP,,,,,413.0,closed_candle,646.38,,,short,,,646.38,,20260320_144034_BNB-USDT-SWAP_short,,2026-03-20 14:45:32
,0.0005199999999999955,,,,0.2674,STOP_HEALTH_CHECK,3405923917356158976,0.2682,active,,ADA-USDT-SWAP,,,,,98.3,,,,,short,,,0.2682558697863683,,20260320_144039_ADA-USDT-SWAP_short,,2026-03-20 14:45:33
,0.0005199999999999955,,,,0.2674,STOP_HEALTH_CONFIRMED,3405923917356158976,0.2682,active,,ADA-USDT-SWAP,,,,,98.3,,,,,short,,,0.2682558697863683,,20260320_144039_ADA-USDT-SWAP_short,,2026-03-20 14:45:36
,0.0004999999999999949,,,1774006800000,0.2674,STOP_STRATEGY_RECALC,3405923917356158976,0.2682,active,,ADA-USDT-SWAP,,,,,98.3,,,,,short,,0.2676,0.2682558697863683,,20260320_144039_ADA-USDT-SWAP_short,,2026-03-20 14:45:36
,0.0004999999999999949,,,,0.2676,STOP_STRATEGY_NO_CHANGE,3405923917356158976,0.2682,active,,ADA-USDT-SWAP,,,,,98.3,closed_candle,0.2682558697863683,,,short,,,0.2682558697863683,,20260320_144039_ADA-USDT-SWAP_short,,2026-03-20 14:45:36
,2.344999999999982,,,,640.7,STOP_HEALTH_CHECK,3405923742537568256,646.3,active,,BNB-USDT-SWAP,,,,,413.0,,,,,short,,,646.38,,20260320_144034_BNB-USDT-SWAP_short,,2026-03-20 14:46:49
,2.344999999999982,,,,640.7,STOP_HEALTH_CONFIRMED,3405923742537568256,646.3,active,,BNB-USDT-SWAP,,,,,413.0,,,,,short,,,646.38,,20260320_144034_BNB-USDT-SWAP_short,,2026-03-20 14:46:52
,0.0004999999999999949,,,,0.2674,STOP_HEALTH_CHECK,3405923917356158976,0.2682,active,,ADA-USDT-SWAP,,,,,98.3,,,,,short,,,0.2682558697863683,,20260320_144039_ADA-USDT-SWAP_short,,2026-03-20 14:46:53
,0.0004999999999999949,,,,0.2674,STOP_HEALTH_CONFIRMED,3405923917356158976,0.2682,active,,ADA-USDT-SWAP,,,,,98.3,,,,,short,,,0.2682558697863683,,20260320_144039_ADA-USDT-SWAP_short,,2026-03-20 14:46:55
,2.344999999999982,,,,640.5,STOP_HEALTH_CHECK,3405923742537568256,646.3,active,,BNB-USDT-SWAP,,,,,413.0,,,,,short,,,646.38,,20260320_144034_BNB-USDT-SWAP_short,,2026-03-20 14:48:09
,2.344999999999982,,,,640.5,STOP_HEALTH_CONFIRMED,3405923742537568256,646.3,active,,BNB-USDT-SWAP,,,,,413.0,,,,,short,,,646.38,,20260320_144034_BNB-USDT-SWAP_short,,2026-03-20 14:48:11
,0.0004999999999999949,,,,0.2672,STOP_HEALTH_CHECK,3405923917356158976,0.2682,active,,ADA-USDT-SWAP,,,,,98.3,,,,,short,,,0.2682558697863683,,20260320_144039_ADA-USDT-SWAP_short,,2026-03-20 14:48:13
,0.0004999999999999949,,,,0.2672,STOP_HEALTH_CONFIRMED,3405923917356158976,0.2682,active,,ADA-USDT-SWAP,,,,,98.3,,,,,short,,,0.2682558697863683,,20260320_144039_ADA-USDT-SWAP_short,,2026-03-20 14:48:15
,2.344999999999982,,,,640.3,STOP_HEALTH_CHECK,3405923742537568256,646.3,active,,BNB-USDT-SWAP,,,,,413.0,,,,,short,,,646.38,,20260320_144034_BNB-USDT-SWAP_short,,2026-03-20 14:49:18
,2.344999999999982,,,,640.3,STOP_HEALTH_CONFIRMED,3405923742537568256,646.3,active,,BNB-USDT-SWAP,,,,,413.0,,,,,short,,,646.38,,20260320_144034_BNB-USDT-SWAP_short,,2026-03-20 14:49:19
,0.0004999999999999949,,,,0.2672,STOP_HEALTH_CHECK,3405923917356158976,0.2682,active,,ADA-USDT-SWAP,,,,,98.3,,,,,short,,,0.2682558697863683,,20260320_144039_ADA-USDT-SWAP_short,,2026-03-20 14:49:20
,0.0004999999999999949,,,,0.2672,STOP_HEALTH_CONFIRMED,3405923917356158976,0.2682,active,,ADA-USDT-SWAP,,,,,98.3,,,,,short,,,0.2682558697863683,,20260320_144039_ADA-USDT-SWAP_short,,2026-03-20 14:49:22
,2.374999999999983,,,1774007100000,641.0,STOP_STRATEGY_RECALC,3405923742537568256,646.3,active,,BNB-USDT-SWAP,,,,,413.0,,,,,short,,641.0,646.38,,20260320_144034_BNB-USDT-SWAP_short,,2026-03-20 14:50:10
,2.374999999999983,,,,641.0,STOP_ERROR,3405923742537568256,646.3,active,,BNB-USDT-SWAP,,,,amend_stop,413.0,atr_update,645.05,"{'code': '1', 'data': [{'algoClOrdId': '', 'algoId': '', 'reqId': '', 'sCode': '51003', 'sMsg': 'Either client order ID or order ID is required.'}], 'msg': '', 'newCode': '', 'traceId': ''}",,short,,,646.38,,20260320_144034_BNB-USDT-SWAP_short,,2026-03-20 14:50:11
,2.374999999999983,,,,641.0,STOP_FORCE_REPLACE,3405923742537568256,646.3,amend_error,,BNB-USDT-SWAP,,,,,413.0,amend_fallback:atr_update,645.05,,,short,,,646.38,,20260320_144034_BNB-USDT-SWAP_short,,2026-03-20 14:50:11
,2.374999999999983,,3405923742537568256,,,STOP_CANCELLED,3405923742537568256,646.3,amend_error,,BNB-USDT-SWAP,,,,,413.0,force_replace:amend_fallback:atr_update,,,,short,,,646.38,,20260320_144034_BNB-USDT-SWAP_short,,2026-03-20 14:50:11
,2.374999999999983,1,,,,STOP_PLACED,3405943180989124608,645.05,active,,BNB-USDT-SWAP,,,,,413.0,amend_fallback:atr_update,645.05,,0,short,,,646.38,,20260320_144034_BNB-USDT-SWAP_short,,2026-03-20 14:50:17
,2.374999999999983,,,,641.0,STOP_AMEND_FALLBACK_REPLACED,3405943180989124608,645.0,active,,BNB-USDT-SWAP,,,,,413.0,atr_update,645.05,,,short,,,646.38,,20260320_144034_BNB-USDT-SWAP_short,,2026-03-20 14:50:19
,2.374999999999983,,,,641.0,STOP_MOVED,3405943180989124608,645.0,active,,BNB-USDT-SWAP,645.05,646.3,646.38,,413.0,atr_update,,,,short,,,646.38,,20260320_144034_BNB-USDT-SWAP_short,,2026-03-20 14:50:19
,0.0004999999999999949,,,,0.2674,STOP_HEALTH_CHECK,3405923917356158976,0.2682,active,,ADA-USDT-SWAP,,,,,98.3,,,,,short,,,0.2682558697863683,,20260320_144039_ADA-USDT-SWAP_short,,2026-03-20 14:50:21
,0.0004999999999999949,,,,0.2674,STOP_HEALTH_CONFIRMED,3405923917356158976,0.2682,active,,ADA-USDT-SWAP,,,,,98.3,,,,,short,,,0.2682558697863683,,20260320_144039_ADA-USDT-SWAP_short,,2026-03-20 14:50:24
,0.0005099999999999937,,,1774007100000,0.2674,STOP_STRATEGY_RECALC,3405923917356158976,0.2682,active,,ADA-USDT-SWAP,,,,,98.3,,,,,short,,0.2672,0.2682558697863683,,20260320_144039_ADA-USDT-SWAP_short,,2026-03-20 14:50:24
,0.0005099999999999937,,,,0.2672,STOP_STRATEGY_NO_CHANGE,3405923917356158976,0.2682,active,,ADA-USDT-SWAP,,,,,98.3,closed_candle,0.26821999999999996,,,short,,,0.2682558697863683,,20260320_144039_ADA-USDT-SWAP_short,,2026-03-20 14:50:24
,2.374999999999983,,,,640.7,STOP_HEALTH_CHECK,3405943180989124608,645.0,active,,BNB-USDT-SWAP,,,,,413.0,,,,,short,,,645.05,,20260320_144034_BNB-USDT-SWAP_short,,2026-03-20 14:50:45
,2.374999999999983,,,,640.7,STOP_HEALTH_CONFIRMED,3405943180989124608,645.0,active,,BNB-USDT-SWAP,,,,,413.0,,,,,short,,,645.05,,20260320_144034_BNB-USDT-SWAP_short,,2026-03-20 14:50:46
,0.0005099999999999937,,,,0.2674,STOP_HEALTH_CHECK,3405923917356158976,0.2682,active,,ADA-USDT-SWAP,,,,,98.3,,,,,short,,,0.2682558697863683,,20260320_144039_ADA-USDT-SWAP_short,,2026-03-20 14:51:32
,0.0005099999999999937,,,,0.2674,STOP_HEALTH_CONFIRMED,3405923917356158976,0.2682,active,,ADA-USDT-SWAP,,,,,98.3,,,,,short,,,0.2682558697863683,,20260320_144039_ADA-USDT-SWAP_short,,2026-03-20 14:51:35
,2.374999999999983,,,,640.3,STOP_HEALTH_CHECK,3405943180989124608,645.0,active,,BNB-USDT-SWAP,,,,,413.0,,,,,short,,,645.05,,20260320_144034_BNB-USDT-SWAP_short,,2026-03-20 14:51:57
,2.374999999999983,,,,640.3,STOP_HEALTH_CONFIRMED,3405943180989124608,645.0,active,,BNB-USDT-SWAP,,,,,413.0,,,,,short,,,645.05,,20260320_144034_BNB-USDT-SWAP_short,,2026-03-20 14:51:59
,0.0005099999999999937,,,,0.2674,STOP_HEALTH_CHECK,3405923917356158976,0.2682,active,,ADA-USDT-SWAP,,,,,98.3,,,,,short,,,0.2682558697863683,,20260320_144039_ADA-USDT-SWAP_short,,2026-03-20 14:52:45
,0.0005099999999999937,,,,0.2674,STOP_HEALTH_CONFIRMED,3405923917356158976,0.2682,active,,ADA-USDT-SWAP,,,,,98.3,,,,,short,,,0.2682558697863683,,20260320_144039_ADA-USDT-SWAP_short,,2026-03-20 14:52:46
,2.374999999999983,,,,640.2,STOP_HEALTH_CHECK,3405943180989124608,645.0,active,,BNB-USDT-SWAP,,,,,413.0,,,,,short,,,645.05,,20260320_144034_BNB-USDT-SWAP_short,,2026-03-20 14:53:08
,2.374999999999983,,,,640.2,STOP_HEALTH_CONFIRMED,3405943180989124608,645.0,active,,BNB-USDT-SWAP,,,,,413.0,,,,,short,,,645.05,,20260320_144034_BNB-USDT-SWAP_short,,2026-03-20 14:53:10
,0.0005099999999999937,,,,0.2674,STOP_HEALTH_CHECK,3405923917356158976,0.2682,active,,ADA-USDT-SWAP,,,,,98.3,,,,,short,,,0.2682558697863683,,20260320_144039_ADA-USDT-SWAP_short,,2026-03-20 14:53:59
,0.0005099999999999937,,,,0.2674,STOP_HEALTH_CONFIRMED,3405923917356158976,0.2682,active,,ADA-USDT-SWAP,,,,,98.3,,,,,short,,,0.2682558697863683,,20260320_144039_ADA-USDT-SWAP_short,,2026-03-20 14:54:01
,2.374999999999983,,,,640.1,STOP_HEALTH_CHECK,3405943180989124608,645.0,active,,BNB-USDT-SWAP,,,,,413.0,,,,,short,,,645.05,,20260320_144034_BNB-USDT-SWAP_short,,2026-03-20 14:54:21
,2.374999999999983,,,,640.1,STOP_HEALTH_CONFIRMED,3405943180989124608,645.0,active,,BNB-USDT-SWAP,,,,,413.0,,,,,short,,,645.05,,20260320_144034_BNB-USDT-SWAP_short,,2026-03-20 14:54:22
,2.4199999999999817,,,1774007400000,640.1,STOP_STRATEGY_RECALC,3405943180989124608,645.0,active,,BNB-USDT-SWAP,,,,,413.0,,,,,short,,640.1,645.05,,20260320_144034_BNB-USDT-SWAP_short,,2026-03-20 14:55:14
,2.4199999999999817,,,,640.1,STOP_STRATEGY_NO_CHANGE,3405943180989124608,645.0,active,,BNB-USDT-SWAP,,,,,413.0,closed_candle,644.8399999999999,,,short,,,645.05,,20260320_144034_BNB-USDT-SWAP_short,,2026-03-20 14:55:14
,2.4199999999999817,,,,640.1,STOP_STRATEGY_NO_CHANGE,3405943180989124608,645.0,active,,BNB-USDT-SWAP,,,,,826.0,pyramid_closed_candle,644.8399999999999,,,short,,,645.05,,20260320_144034_BNB-USDT-SWAP_short,,2026-03-20 14:55:14
,0.0005099999999999937,,,,0.2674,STOP_HEALTH_CHECK,3405923917356158976,0.2682,active,,ADA-USDT-SWAP,,,,,98.3,,,,,short,,,0.2682558697863683,,20260320_144039_ADA-USDT-SWAP_short,,2026-03-20 14:55:15
,0.0005099999999999937,,,,0.2674,STOP_HEALTH_CONFIRMED,3405923917356158976,0.2682,active,,ADA-USDT-SWAP,,,,,98.3,,,,,short,,,0.2682558697863683,,20260320_144039_ADA-USDT-SWAP_short,,2026-03-20 14:55:17
,0.0004899999999999933,,,1774007400000,0.2674,STOP_STRATEGY_RECALC,3405923917356158976,0.2682,active,,ADA-USDT-SWAP,,,,,98.3,,,,,short,,0.2674,0.2682558697863683,,20260320_144039_ADA-USDT-SWAP_short,,2026-03-20 14:55:17
,0.0004899999999999933,,,,0.2674,STOP_MOVE_SKIPPED,3405923917356158976,0.2682,active,,ADA-USDT-SWAP,,0.2682,,,98.3,below_move_threshold,0.26818,,,short,,,0.2682558697863683,7.349999999999898e-05,20260320_144039_ADA-USDT-SWAP_short,,2026-03-20 14:55:17
,0.0004899999999999933,,,,,STOP_DESYNC,3405923917356158976,0.2682,active,,ADA-USDT-SWAP,,,,,98.3,stop_update_failed:atr,,,,short,,,0.2682558697863683,,20260320_144039_ADA-USDT-SWAP_short,,2026-03-20 14:55:17
,0.0004899999999999933,,,,0.2674,STOP_STRATEGY_NO_CHANGE,3405923917356158976,0.2682,active,,ADA-USDT-SWAP,,,,,98.3,closed_candle,0.26818,,,short,,,0.2682558697863683,,20260320_144039_ADA-USDT-SWAP_short,,2026-03-20 14:55:17
,2.4199999999999817,,,,640.1,STOP_HEALTH_CHECK,3405943180989124608,645.0,active,,BNB-USDT-SWAP,,,,,826.0,,,,,short,,,645.05,,20260320_144034_BNB-USDT-SWAP_short,,2026-03-20 14:55:34
,2.4199999999999817,,,,640.1,STOP_HEALTH_CONFIRMED,3405943180989124608,645.0,active,,BNB-USDT-SWAP,,,,,826.0,,,,,short,,,645.05,,20260320_144034_BNB-USDT-SWAP_short,,2026-03-20 14:55:36
,0.0004899999999999933,,,,0.2676,STOP_HEALTH_CHECK,3405923917356158976,0.2682,active,,ADA-USDT-SWAP,,,,,98.3,,,,,short,,,0.2682558697863683,,20260320_144039_ADA-USDT-SWAP_short,,2026-03-20 14:56:28
,0.0004899999999999933,,,,0.2676,STOP_HEALTH_CONFIRMED,3405923917356158976,0.2682,active,,ADA-USDT-SWAP,,,,,98.3,,,,,short,,,0.2682558697863683,,20260320_144039_ADA-USDT-SWAP_short,,2026-03-20 14:56:30
,2.4199999999999817,,,,640.6,STOP_HEALTH_CHECK,3405943180989124608,645.0,active,,BNB-USDT-SWAP,,,,,826.0,,,,,short,,,645.05,,20260320_144034_BNB-USDT-SWAP_short,,2026-03-20 14:56:46
,2.4199999999999817,,,,640.6,STOP_HEALTH_CONFIRMED,3405943180989124608,645.0,active,,BNB-USDT-SWAP,,,,,826.0,,,,,short,,,645.05,,20260320_144034_BNB-USDT-SWAP_short,,2026-03-20 14:56:49
,0.0004899999999999933,,,,0.2676,STOP_HEALTH_CHECK,3405923917356158976,0.2682,active,,ADA-USDT-SWAP,,,,,98.3,,,,,short,,,0.2682558697863683,,20260320_144039_ADA-USDT-SWAP_short,,2026-03-20 14:57:41
,0.0004899999999999933,,,,0.2676,STOP_HEALTH_CONFIRMED,3405923917356158976,0.2682,active,,ADA-USDT-SWAP,,,,,98.3,,,,,short,,,0.2682558697863683,,20260320_144039_ADA-USDT-SWAP_short,,2026-03-20 14:57:43
,2.4199999999999817,,,,640.5,STOP_HEALTH_CHECK,3405943180989124608,645.0,active,,BNB-USDT-SWAP,,,,,826.0,,,,,short,,,645.05,,20260320_144034_BNB-USDT-SWAP_short,,2026-03-20 14:57:59
,2.4199999999999817,,,,640.5,STOP_HEALTH_CONFIRMED,3405943180989124608,645.0,active,,BNB-USDT-SWAP,,,,,826.0,,,,,short,,,645.05,,20260320_144034_BNB-USDT-SWAP_short,,2026-03-20 14:58:01
,0.0004899999999999933,,,,0.2676,STOP_HEALTH_CHECK,3405923917356158976,0.2682,active,,ADA-USDT-SWAP,,,,,98.3,,,,,short,,,0.2682558697863683,,20260320_144039_ADA-USDT-SWAP_short,,2026-03-20 14:58:53
,0.0004899999999999933,,,,0.2676,STOP_HEALTH_CONFIRMED,3405923917356158976,0.2682,active,,ADA-USDT-SWAP,,,,,98.3,,,,,short,,,0.2682558697863683,,20260320_144039_ADA-USDT-SWAP_short,,2026-03-20 14:58:55
,2.4199999999999817,,,,640.7,STOP_HEALTH_CHECK,3405943180989124608,645.0,active,,BNB-USDT-SWAP,,,,,826.0,,,,,short,,,645.05,,20260320_144034_BNB-USDT-SWAP_short,,2026-03-20 14:59:12
,2.4199999999999817,,,,640.7,STOP_HEALTH_CONFIRMED,3405943180989124608,645.0,active,,BNB-USDT-SWAP,,,,,826.0,,,,,short,,,645.05,,20260320_144034_BNB-USDT-SWAP_short,,2026-03-20 14:59:14
,2.4749999999999774,,,1774007700000,641.0,STOP_STRATEGY_RECALC,3405943180989124608,645.0,active,,BNB-USDT-SWAP,,,,,826.0,,,,,short,,640.8,645.05,,20260320_144034_BNB-USDT-SWAP_short,,2026-03-20 15:00:06
,2.4749999999999774,,,,640.8,STOP_STRATEGY_NO_CHANGE,3405943180989124608,645.0,active,,BNB-USDT-SWAP,,,,,826.0,closed_candle,644.9499999999999,,,short,,,645.05,,20260320_144034_BNB-USDT-SWAP_short,,2026-03-20 15:00:06
,0.0004899999999999933,,,,0.2676,STOP_HEALTH_CHECK,3405923917356158976,0.2682,active,,ADA-USDT-SWAP,,,,,98.3,,,,,short,,,0.2682558697863683,,20260320_144039_ADA-USDT-SWAP_short,,2026-03-20 15:00:07
,0.0004899999999999933,,,,0.2676,STOP_HEALTH_CONFIRMED,3405923917356158976,0.2682,active,,ADA-USDT-SWAP,,,,,98.3,,,,,short,,,0.2682558697863683,,20260320_144039_ADA-USDT-SWAP_short,,2026-03-20 15:00:09
,0.00046999999999999267,,,1774007700000,0.2676,STOP_STRATEGY_RECALC,3405923917356158976,0.2682,active,,ADA-USDT-SWAP,,,,,98.3,,,,,short,,0.2676,0.2682558697863683,,20260320_144039_ADA-USDT-SWAP_short,,2026-03-20 15:00:09
,0.00046999999999999267,,,,0.2676,STOP_MOVE_SKIPPED,3405923917356158976,0.2682,active,,ADA-USDT-SWAP,,0.2682,,,98.3,below_move_threshold,0.26814,,,short,,,0.2682558697863683,7.04999999999989e-05,20260320_144039_ADA-USDT-SWAP_short,,2026-03-20 15:00:09
,0.00046999999999999267,,,,,STOP_DESYNC,3405923917356158976,0.2682,active,,ADA-USDT-SWAP,,,,,98.3,stop_update_failed:atr,,,,short,,,0.2682558697863683,,20260320_144039_ADA-USDT-SWAP_short,,2026-03-20 15:00:09
,0.00046999999999999267,,,,0.2676,STOP_STRATEGY_NO_CHANGE,3405923917356158976,0.2682,active,,ADA-USDT-SWAP,,,,,98.3,closed_candle,0.26814,,,short,,,0.2682558697863683,,20260320_144039_ADA-USDT-SWAP_short,,2026-03-20 15:00:09
,2.4749999999999774,,,,641.4,STOP_HEALTH_CHECK,3405943180989124608,645.0,active,,BNB-USDT-SWAP,,,,,826.0,,,,,short,,,645.05,,20260320_144034_BNB-USDT-SWAP_short,,2026-03-20 15:00:26
,2.4749999999999774,,,,641.4,STOP_HEALTH_CONFIRMED,3405943180989124608,645.0,active,,BNB-USDT-SWAP,,,,,826.0,,,,,short,,,645.05,,20260320_144034_BNB-USDT-SWAP_short,,2026-03-20 15:00:29
,2.4749999999999774,,,,641.6,STOP_HEALTH_CHECK,3405943180989124608,645.0,active,,BNB-USDT-SWAP,,,,,826.0,,,,,short,,,645.05,,20260320_144034_BNB-USDT-SWAP_short,,2026-03-20 15:01:40
,2.4749999999999774,,,,641.6,STOP_HEALTH_CONFIRMED,3405943180989124608,645.0,active,,BNB-USDT-SWAP,,,,,826.0,,,,,short,,,645.05,,20260320_144034_BNB-USDT-SWAP_short,,2026-03-20 15:01:42
,2.4749999999999774,,,,641.4,STOP_HEALTH_CHECK,3405943180989124608,645.0,active,,BNB-USDT-SWAP,,,,,826.0,,,,,short,,,645.05,,20260320_144034_BNB-USDT-SWAP_short,,2026-03-20 15:02:47
,2.4749999999999774,,,,641.4,STOP_HEALTH_CONFIRMED,3405943180989124608,645.0,active,,BNB-USDT-SWAP,,,,,826.0,,,,,short,,,645.05,,20260320_144034_BNB-USDT-SWAP_short,,2026-03-20 15:02:50
,2.4749999999999774,,,,641.5,STOP_HEALTH_CHECK,3405943180989124608,645.0,active,,BNB-USDT-SWAP,,,,,826.0,,,,,short,,,645.05,,20260320_144034_BNB-USDT-SWAP_short,,2026-03-20 15:03:56
,2.4749999999999774,,,,641.5,STOP_HEALTH_CONFIRMED,3405943180989124608,645.0,active,,BNB-USDT-SWAP,,,,,826.0,,,,,short,,,645.05,,20260320_144034_BNB-USDT-SWAP_short,,2026-03-20 15:03:58
,2.4749999999999774,,,,642.0,STOP_HEALTH_CHECK,3405943180989124608,645.0,active,,BNB-USDT-SWAP,,,,,826.0,,,,,short,,,645.05,,20260320_144034_BNB-USDT-SWAP_short,,2026-03-20 15:05:06
,2.4749999999999774,,,,642.0,STOP_HEALTH_CONFIRMED,3405943180989124608,645.0,active,,BNB-USDT-SWAP,,,,,826.0,,,,,short,,,645.05,,20260320_144034_BNB-USDT-SWAP_short,,2026-03-20 15:05:09
,2.5049999999999786,,,1774008000000,642.0,STOP_STRATEGY_RECALC,3405943180989124608,645.0,active,,BNB-USDT-SWAP,,,,,826.0,,,,,short,,641.7,645.05,,20260320_144034_BNB-USDT-SWAP_short,,2026-03-20 15:05:09
,2.5049999999999786,,,,641.7,STOP_STRATEGY_NO_CHANGE,3405943180989124608,645.0,active,,BNB-USDT-SWAP,,,,,826.0,closed_candle,645.01,,,short,,,645.05,,20260320_144034_BNB-USDT-SWAP_short,,2026-03-20 15:05:09
,2.5049999999999786,,,,641.7,STOP_HEALTH_CHECK,3405943180989124608,645.0,active,,BNB-USDT-SWAP,,,,,826.0,,,,,short,,,645.05,,20260320_144034_BNB-USDT-SWAP_short,,2026-03-20 15:06:13
,2.5049999999999786,,,,641.7,STOP_HEALTH_CONFIRMED,3405943180989124608,645.0,active,,BNB-USDT-SWAP,,,,,826.0,,,,,short,,,645.05,,20260320_144034_BNB-USDT-SWAP_short,,2026-03-20 15:06:15
,2.5049999999999786,,,,642.6,STOP_HEALTH_CHECK,3405943180989124608,645.0,active,,BNB-USDT-SWAP,,,,,826.0,,,,,short,,,645.05,,20260320_144034_BNB-USDT-SWAP_short,,2026-03-20 15:07:21
,2.5049999999999786,,,,642.6,STOP_HEALTH_CONFIRMED,3405943180989124608,645.0,active,,BNB-USDT-SWAP,,,,,826.0,,,,,short,,,645.05,,20260320_144034_BNB-USDT-SWAP_short,,2026-03-20 15:07:24
,2.5049999999999786,,,,642.4,STOP_HEALTH_CHECK,3405943180989124608,645.0,active,,BNB-USDT-SWAP,,,,,826.0,,,,,short,,,645.05,,20260320_144034_BNB-USDT-SWAP_short,,2026-03-20 15:08:29
,2.5049999999999786,,,,642.4,STOP_HEALTH_CONFIRMED,3405943180989124608,645.0,active,,BNB-USDT-SWAP,,,,,826.0,,,,,short,,,645.05,,20260320_144034_BNB-USDT-SWAP_short,,2026-03-20 15:08:32
,2.5049999999999786,,,,642.1,STOP_HEALTH_CHECK,3405943180989124608,645.0,active,,BNB-USDT-SWAP,,,,,826.0,,,,,short,,,645.05,,20260320_144034_BNB-USDT-SWAP_short,,2026-03-20 15:09:30
,2.5049999999999786,,,,642.1,STOP_HEALTH_CONFIRMED,3405943180989124608,645.0,active,,BNB-USDT-SWAP,,,,,826.0,,,,,short,,,645.05,,20260320_144034_BNB-USDT-SWAP_short,,2026-03-20 15:09:32
,2.549999999999983,,,1774008300000,642.7,STOP_STRATEGY_RECALC,3405943180989124608,645.0,active,,BNB-USDT-SWAP,,,,,826.0,,,,,short,,642.6,645.05,,20260320_144034_BNB-USDT-SWAP_short,,2026-03-20 15:10:06
,2.549999999999983,,,,642.6,STOP_STRATEGY_NO_CHANGE,3405943180989124608,645.0,active,,BNB-USDT-SWAP,,,,,826.0,closed_candle,645.05,,,short,,,645.05,,20260320_144034_BNB-USDT-SWAP_short,,2026-03-20 15:10:06
,2.549999999999983,,,,642.6,STOP_HEALTH_CHECK,3405943180989124608,645.0,active,,BNB-USDT-SWAP,,,,,826.0,,,,,short,,,645.05,,20260320_144034_BNB-USDT-SWAP_short,,2026-03-20 15:10:50
,2.549999999999983,,,,642.6,STOP_HEALTH_CONFIRMED,3405943180989124608,645.0,active,,BNB-USDT-SWAP,,,,,826.0,,,,,short,,,645.05,,20260320_144034_BNB-USDT-SWAP_short,,2026-03-20 15:10:52
,2.549999999999983,,,,642.4,STOP_HEALTH_CHECK,3405943180989124608,645.0,active,,BNB-USDT-SWAP,,,,,826.0,,,,,short,,,645.05,,20260320_144034_BNB-USDT-SWAP_short,,2026-03-20 15:11:57
,2.549999999999983,,,,642.4,STOP_HEALTH_CONFIRMED,3405943180989124608,645.0,active,,BNB-USDT-SWAP,,,,,826.0,,,,,short,,,645.05,,20260320_144034_BNB-USDT-SWAP_short,,2026-03-20 15:11:59
,2.549999999999983,,,,642.7,STOP_HEALTH_CHECK,3405943180989124608,645.0,active,,BNB-USDT-SWAP,,,,,826.0,,,,,short,,,645.05,,20260320_144034_BNB-USDT-SWAP_short,,2026-03-20 15:13:08
,2.549999999999983,,,,642.7,STOP_HEALTH_CONFIRMED,3405943180989124608,645.0,active,,BNB-USDT-SWAP,,,,,826.0,,,,,short,,,645.05,,20260320_144034_BNB-USDT-SWAP_short,,2026-03-20 15:13:09
,2.549999999999983,,,,642.7,STOP_HEALTH_CHECK,3405943180989124608,645.0,active,,BNB-USDT-SWAP,,,,,826.0,,,,,short,,,645.05,,20260320_144034_BNB-USDT-SWAP_short,,2026-03-20 15:14:09
,2.549999999999983,,,,642.7,STOP_HEALTH_CONFIRMED,3405943180989124608,645.0,active,,BNB-USDT-SWAP,,,,,826.0,,,,,short,,,645.05,,20260320_144034_BNB-USDT-SWAP_short,,2026-03-20 15:14:11
,2.549999999999983,,,,642.4,STOP_HEALTH_CHECK,3405943180989124608,645.0,active,,BNB-USDT-SWAP,,,,,826.0,,,,,short,,,645.05,,20260320_144034_BNB-USDT-SWAP_short,,2026-03-20 15:15:16
,2.549999999999983,,,,642.4,STOP_HEALTH_CONFIRMED,3405943180989124608,645.0,active,,BNB-USDT-SWAP,,,,,826.0,,,,,short,,,645.05,,20260320_144034_BNB-USDT-SWAP_short,,2026-03-20 15:15:19
,2.484999999999991,,,1774008600000,642.4,STOP_STRATEGY_RECALC,3405943180989124608,645.0,active,,BNB-USDT-SWAP,,,,,826.0,,,,,short,,642.4,645.05,,20260320_144034_BNB-USDT-SWAP_short,,2026-03-20 15:15:19
,2.484999999999991,,,,642.4,STOP_STRATEGY_NO_CHANGE,3405943180989124608,645.0,active,,BNB-USDT-SWAP,,,,,826.0,closed_candle,644.97,,,short,,,645.05,,20260320_144034_BNB-USDT-SWAP_short,,2026-03-20 15:15:19
,2.484999999999991,,,,642.3,STOP_HEALTH_CHECK,3405943180989124608,645.0,active,,BNB-USDT-SWAP,,,,,826.0,,,,,short,,,645.05,,20260320_144034_BNB-USDT-SWAP_short,,2026-03-20 15:16:21
,2.484999999999991,,,,642.3,STOP_HEALTH_CONFIRMED,3405943180989124608,645.0,active,,BNB-USDT-SWAP,,,,,826.0,,,,,short,,,645.05,,20260320_144034_BNB-USDT-SWAP_short,,2026-03-20 15:16:23
,2.484999999999991,,,,642.3,STOP_HEALTH_CHECK,3405943180989124608,645.0,active,,BNB-USDT-SWAP,,,,,826.0,,,,,short,,,645.05,,20260320_144034_BNB-USDT-SWAP_short,,2026-03-20 15:17:35
,2.484999999999991,,,,642.3,STOP_HEALTH_CONFIRMED,3405943180989124608,645.0,active,,BNB-USDT-SWAP,,,,,826.0,,,,,short,,,645.05,,20260320_144034_BNB-USDT-SWAP_short,,2026-03-20 15:17:37
,2.484999999999991,,,,642.7,STOP_HEALTH_CHECK,3405943180989124608,645.0,active,,BNB-USDT-SWAP,,,,,826.0,,,,,short,,,645.05,,20260320_144034_BNB-USDT-SWAP_short,,2026-03-20 15:18:42
,2.484999999999991,,,,642.7,STOP_HEALTH_CONFIRMED,3405943180989124608,645.0,active,,BNB-USDT-SWAP,,,,,826.0,,,,,short,,,645.05,,20260320_144034_BNB-USDT-SWAP_short,,2026-03-20 15:18:44
,2.484999999999991,,,,642.7,STOP_HEALTH_CHECK,3405943180989124608,645.0,active,,BNB-USDT-SWAP,,,,,826.0,,,,,short,,,645.05,,20260320_144034_BNB-USDT-SWAP_short,,2026-03-20 15:19:50
,2.484999999999991,,,,642.7,STOP_HEALTH_CONFIRMED,3405943180989124608,645.0,active,,BNB-USDT-SWAP,,,,,826.0,,,,,short,,,645.05,,20260320_144034_BNB-USDT-SWAP_short,,2026-03-20 15:19:52
,1.969999999999993,,,1774008900000,642.7,STOP_STRATEGY_RECALC,3405943180989124608,645.0,active,,BNB-USDT-SWAP,,,,,826.0,,,,,short,,642.7,645.05,,20260320_144034_BNB-USDT-SWAP_short,,2026-03-20 15:20:09
,1.969999999999993,,,,642.7,STOP_ERROR,3405943180989124608,645.0,active,,BNB-USDT-SWAP,,,,amend_stop,826.0,atr_update,643.9399999999999,"{'code': '1', 'data': [{'algoClOrdId': '', 'algoId': '', 'reqId': '', 'sCode': '51003', 'sMsg': 'Either client order ID or order ID is required.'}], 'msg': '', 'newCode': '', 'traceId': ''}",,short,,,645.05,,20260320_144034_BNB-USDT-SWAP_short,,2026-03-20 15:20:10
,1.969999999999993,,,,642.7,STOP_FORCE_REPLACE,3405943180989124608,645.0,amend_error,,BNB-USDT-SWAP,,,,,826.0,amend_fallback:atr_update,643.9399999999999,,,short,,,645.05,,20260320_144034_BNB-USDT-SWAP_short,,2026-03-20 15:20:10
,1.969999999999993,,3405943180989124608,,,STOP_CANCELLED,3405943180989124608,645.0,amend_error,,BNB-USDT-SWAP,,,,,826.0,force_replace:amend_fallback:atr_update,,,,short,,,645.05,,20260320_144034_BNB-USDT-SWAP_short,,2026-03-20 15:20:10
,1.969999999999993,1,,,,STOP_PLACED,3406003550848110592,643.9399999999999,active,,BNB-USDT-SWAP,,,,,826.0,amend_fallback:atr_update,643.9399999999999,,0,short,,,645.05,,20260320_144034_BNB-USDT-SWAP_short,,2026-03-20 15:20:16
,1.969999999999993,,,,642.7,STOP_AMEND_FALLBACK_REPLACED,3406003550848110592,643.9,active,,BNB-USDT-SWAP,,,,,826.0,atr_update,643.9399999999999,,,short,,,645.05,,20260320_144034_BNB-USDT-SWAP_short,,2026-03-20 15:20:19
,1.969999999999993,,,,642.7,STOP_MOVED,3406003550848110592,643.9,active,,BNB-USDT-SWAP,643.9399999999999,645.0,645.05,,826.0,atr_update,,,,short,,,645.05,,20260320_144034_BNB-USDT-SWAP_short,,2026-03-20 15:20:19
,1.969999999999993,,,,642.7,STOP_HEALTH_CHECK,3406003550848110592,643.9,active,,BNB-USDT-SWAP,,,,,826.0,,,,,short,,,643.9399999999999,,20260320_144034_BNB-USDT-SWAP_short,,2026-03-20 15:20:53
,1.969999999999993,,,,642.7,STOP_HEALTH_CONFIRMED,3406003550848110592,643.9,active,,BNB-USDT-SWAP,,,,,826.0,,,,,short,,,643.9399999999999,,20260320_144034_BNB-USDT-SWAP_short,,2026-03-20 15:20:55
,1.969999999999993,,,,642.7,STOP_HEALTH_CHECK,3406003550848110592,643.9,active,,BNB-USDT-SWAP,,,,,826.0,,,,,short,,,643.9399999999999,,20260320_144034_BNB-USDT-SWAP_short,,2026-03-20 15:22:03
,1.969999999999993,,,,642.7,STOP_HEALTH_CONFIRMED,3406003550848110592,643.9,active,,BNB-USDT-SWAP,,,,,826.0,,,,,short,,,643.9399999999999,,20260320_144034_BNB-USDT-SWAP_short,,2026-03-20 15:22:05
,1.969999999999993,,,,642.7,STOP_HEALTH_CHECK,3406003550848110592,643.9,active,,BNB-USDT-SWAP,,,,,826.0,,,,,short,,,643.9399999999999,,20260320_144034_BNB-USDT-SWAP_short,,2026-03-20 15:23:12
,1.969999999999993,,,,642.7,STOP_HEALTH_CONFIRMED,3406003550848110592,643.9,active,,BNB-USDT-SWAP,,,,,826.0,,,,,short,,,643.9399999999999,,20260320_144034_BNB-USDT-SWAP_short,,2026-03-20 15:23:15
,1.969999999999993,,,,642.7,STOP_HEALTH_CHECK,3406003550848110592,643.9,active,,BNB-USDT-SWAP,,,,,826.0,,,,,short,,,643.9399999999999,,20260320_144034_BNB-USDT-SWAP_short,,2026-03-20 15:24:22
,1.969999999999993,,,,642.7,STOP_HEALTH_CONFIRMED,3406003550848110592,643.9,active,,BNB-USDT-SWAP,,,,,826.0,,,,,short,,,643.9399999999999,,20260320_144034_BNB-USDT-SWAP_short,,2026-03-20 15:24:24
,0.9799999999999954,,,1774009200000,642.7,STOP_STRATEGY_RECALC,3406003550848110592,643.9,active,,BNB-USDT-SWAP,,,,,826.0,,,,,short,,642.7,643.9399999999999,,20260320_144034_BNB-USDT-SWAP_short,,2026-03-20 15:25:14
,0.9799999999999954,,,,642.7,STOP_REJECTED,3406003550848110592,643.9,active,,BNB-USDT-SWAP,,,,amend_stop,826.0,market_already_crossed_stop,641.96,,,short,,,643.9399999999999,,20260320_144034_BNB-USDT-SWAP_short,,2026-03-20 15:25:14
,0.9799999999999954,,,,642.7,LOCAL_PROTECTIVE_EXIT,3406003550848110592,643.9,local_protective_exit_pending,,BNB-USDT-SWAP,,,,,826.0,market_already_crossed_stop,641.96,"{'code': 'LOCAL', 'msg': 'market_already_crossed_stop'}",,short,,,643.9399999999999,,20260320_144034_BNB-USDT-SWAP_short,,2026-03-20 15:25:14
,0.9799999999999954,,,,,STOP_DESYNC,3406003550848110592,643.9,local_protective_exit_pending,,BNB-USDT-SWAP,,,,,826.0,stop_update_failed:atr,,,,short,,,643.9399999999999,,20260320_144034_BNB-USDT-SWAP_short,,2026-03-20 15:25:14
,0.9799999999999954,,,,642.7,STOP_STRATEGY_NO_CHANGE,3406003550848110592,643.9,local_protective_exit_pending,,BNB-USDT-SWAP,,,,,826.0,closed_candle,641.96,,,short,,,643.9399999999999,,20260320_144034_BNB-USDT-SWAP_short,,2026-03-20 15:25:14
,0.9799999999999954,,,,642.7,STOP_HEALTH_CHECK,3406003550848110592,643.9,local_protective_exit_pending,,BNB-USDT-SWAP,,,,,826.0,,,,,short,,,643.9399999999999,,20260320_144034_BNB-USDT-SWAP_short,,2026-03-20 15:25:32
,0.9799999999999954,,,,642.7,STOP_HEALTH_CONFIRMED,3406003550848110592,643.9,active,,BNB-USDT-SWAP,,,,,826.0,,,,,short,,,643.9399999999999,,20260320_144034_BNB-USDT-SWAP_short,,2026-03-20 15:25:33
,0.9799999999999954,,,,642.7,STOP_HEALTH_CHECK,3406003550848110592,643.9,active,,BNB-USDT-SWAP,,,,,826.0,,,,,short,,,643.9399999999999,,20260320_144034_BNB-USDT-SWAP_short,,2026-03-20 15:26:38
,0.9799999999999954,,,,642.7,STOP_HEALTH_CONFIRMED,3406003550848110592,643.9,active,,BNB-USDT-SWAP,,,,,826.0,,,,,short,,,643.9399999999999,,20260320_144034_BNB-USDT-SWAP_short,,2026-03-20 15:26:41
,0.9799999999999954,,,,642.7,STOP_HEALTH_CHECK,3406003550848110592,643.9,active,,BNB-USDT-SWAP,,,,,826.0,,,,,short,,,643.9399999999999,,20260320_144034_BNB-USDT-SWAP_short,,2026-03-20 15:27:48
,0.9799999999999954,,,,642.7,STOP_HEALTH_CONFIRMED,3406003550848110592,643.9,active,,BNB-USDT-SWAP,,,,,826.0,,,,,short,,,643.9399999999999,,20260320_144034_BNB-USDT-SWAP_short,,2026-03-20 15:27:50
,0.9799999999999954,,,,642.0,STOP_HEALTH_CHECK,3406003550848110592,643.9,active,,BNB-USDT-SWAP,,,,,826.0,,,,,short,,,643.9399999999999,,20260320_144034_BNB-USDT-SWAP_short,,2026-03-20 15:28:57
,0.9799999999999954,,,,642.0,STOP_HEALTH_CONFIRMED,3406003550848110592,643.9,active,,BNB-USDT-SWAP,,,,,826.0,,,,,short,,,643.9399999999999,,20260320_144034_BNB-USDT-SWAP_short,,2026-03-20 15:29:00
,0.9799999999999954,,,,641.9,STOP_HEALTH_CHECK,3406003550848110592,643.9,active,,BNB-USDT-SWAP,,,,,826.0,,,,,short,,,643.9399999999999,,20260320_144034_BNB-USDT-SWAP_short,,2026-03-20 15:30:06
,0.9799999999999954,,,,641.9,STOP_HEALTH_CONFIRMED,3406003550848110592,643.9,active,,BNB-USDT-SWAP,,,,,826.0,,,,,short,,,643.9399999999999,,20260320_144034_BNB-USDT-SWAP_short,,2026-03-20 15:30:08
,1.0149999999999977,,,1774009500000,641.9,STOP_STRATEGY_RECALC,3406003550848110592,643.9,active,,BNB-USDT-SWAP,,,,,826.0,,,,,short,,642.0,643.9399999999999,,20260320_144034_BNB-USDT-SWAP_short,,2026-03-20 15:30:25
,1.0149999999999977,,,,642.0,STOP_ERROR,3406003550848110592,643.9,active,,BNB-USDT-SWAP,,,,amend_stop,826.0,atr_update,642.03,"{'code': '1', 'data': [{'algoClOrdId': '', 'algoId': '', 'reqId': '', 'sCode': '51003', 'sMsg': 'Either client order ID or order ID is required.'}], 'msg': '', 'newCode': '', 'traceId': ''}",,short,,,643.9399999999999,,20260320_144034_BNB-USDT-SWAP_short,,2026-03-20 15:30:26
,1.0149999999999977,,,,642.0,STOP_FORCE_REPLACE,3406003550848110592,643.9,amend_error,,BNB-USDT-SWAP,,,,,826.0,amend_fallback:atr_update,642.03,,,short,,,643.9399999999999,,20260320_144034_BNB-USDT-SWAP_short,,2026-03-20 15:30:26
,1.0149999999999977,,3406003550848110592,,,STOP_CANCELLED,3406003550848110592,643.9,amend_error,,BNB-USDT-SWAP,,,,,826.0,force_replace:amend_fallback:atr_update,,,,short,,,643.9399999999999,,20260320_144034_BNB-USDT-SWAP_short,,2026-03-20 15:30:26
,1.0149999999999977,2,,,,STOP_PLACED,3406024245644709888,642.03,active,,BNB-USDT-SWAP,,,,,826.0,amend_fallback:atr_update,642.03,,0,short,,,643.9399999999999,,20260320_144034_BNB-USDT-SWAP_short,,2026-03-20 15:30:33
,1.0149999999999977,,,,,STOP_DESYNC,3406024245644709888,642.03,active,,BNB-USDT-SWAP,,,,,826.0,force_replace_present_confirm_failed:amend_fallback:atr_update,,,,short,,,643.9399999999999,,20260320_144034_BNB-USDT-SWAP_short,,2026-03-20 15:30:56
,1.0149999999999977,,,,,STOP_DESYNC,3406024245644709888,642.03,active,,BNB-USDT-SWAP,,,,,826.0,amend_failed:atr_update,,,,short,,,643.9399999999999,,20260320_144034_BNB-USDT-SWAP_short,,2026-03-20 15:30:56
,1.0149999999999977,,,,,STOP_DESYNC,3406024245644709888,642.03,active,,BNB-USDT-SWAP,,,,,826.0,stop_update_failed:atr,,,,short,,,643.9399999999999,,20260320_144034_BNB-USDT-SWAP_short,,2026-03-20 15:30:56
,1.0149999999999977,,,,642.0,STOP_STRATEGY_NO_CHANGE,3406024245644709888,642.03,active,,BNB-USDT-SWAP,,,,,826.0,closed_candle,642.03,,,short,,,643.9399999999999,,20260320_144034_BNB-USDT-SWAP_short,,2026-03-20 15:30:56
