available_after_bans,cache_errors,cache_fetch_count,closed_trades,event,loop_duration_sec,open_positions,signals_blocked,signals_found,symbols_scanned,ts
113,0,0,0,SYSTEM_HEALTH,0.0,0,0,0,113,2026-03-19 21:49:40
113,0,0,0,SYSTEM_HEALTH,12.028335571289062,0,0,0,113,2026-03-19 21:50:13
113,0,225,0,SYSTEM_HEALTH,12.43917727470398,0,0,0,113,2026-03-19 21:51:05
113,0,430,0,SYSTEM_HEALTH,15.014089822769165,0,0,0,113,2026-03-19 21:52:03
113,0,430,0,SYSTEM_HEALTH,16.894129514694214,0,0,0,113,2026-03-19 21:53:06
113,0,638,0,SYSTEM_HEALTH,17.136005878448486,0,0,0,113,2026-03-19 21:54:09
113,0,828,0,SYSTEM_HEALTH,19.034022092819214,0,0,0,113,2026-03-19 21:55:19
113,0,1013,0,SYSTEM_HEALTH,18.205613613128662,0,0,0,113,2026-03-19 21:56:05
113,0,1201,0,SYSTEM_HEALTH,19.076737642288208,0,0,0,113,2026-03-19 21:57:17
113,0,1388,0,SYSTEM_HEALTH,20.817468881607056,0,0,0,113,2026-03-19 21:58:08
113,0,1559,0,SYSTEM_HEALTH,21.685609817504883,0,0,0,113,2026-03-19 21:59:02
113,1,1734,0,SYSTEM_HEALTH,15.191048860549927,0,0,0,113,2026-03-19 22:00:14
113,1,1915,0,SYSTEM_HEALTH,13.837228536605835,0,0,0,113,2026-03-19 22:01:08
113,1,2089,0,SYSTEM_HEALTH,14.085336446762085,0,0,0,113,2026-03-19 22:02:04
113,1,2257,0,SYSTEM_HEALTH,13.255202770233154,0,0,0,113,2026-03-19 22:03:00
113,1,2423,0,SYSTEM_HEALTH,13.148192405700684,0,0,0,113,2026-03-19 22:04:15
112,1,2589,0,SYSTEM_HEALTH,15.174161672592163,0,0,1,113,2026-03-19 22:05:12
112,4,2908,1,SYSTEM_HEALTH,76.2262442111969,0,0,0,113,2026-03-19 22:07:22
112,4,2908,1,SYSTEM_HEALTH,13.579780340194702,0,0,0,113,2026-03-19 22:08:07
112,4,3082,1,SYSTEM_HEALTH,22.603601217269897,0,0,0,113,2026-03-19 22:09:02
111,4,3245,1,SYSTEM_HEALTH,23.53028893470764,0,0,1,113,2026-03-19 22:10:27
111,4,3245,1,SYSTEM_HEALTH,29.43950843811035,1,0,2,113,2026-03-19 22:11:02
111,4,3412,1,SYSTEM_HEALTH,20.10264277458191,1,0,0,113,2026-03-19 22:12:17
111,4,3586,1,SYSTEM_HEALTH,22.08567452430725,1,0,0,113,2026-03-19 22:13:09
111,4,3757,1,SYSTEM_HEALTH,29.283628702163696,1,0,0,113,2026-03-19 22:14:11
111,4,3757,1,SYSTEM_HEALTH,20.226914882659912,1,0,0,113,2026-03-19 22:15:04
111,4,3930,1,SYSTEM_HEALTH,29.03649640083313,2,0,0,113,2026-03-19 22:16:06
111,5,4102,1,SYSTEM_HEALTH,25.05812692642212,2,0,0,113,2026-03-19 22:17:01
111,5,4277,1,SYSTEM_HEALTH,17.880117416381836,2,0,0,113,2026-03-19 22:18:07
111,5,4437,1,SYSTEM_HEALTH,17.54881477355957,2,0,0,113,2026-03-19 22:19:12
111,5,4604,1,SYSTEM_HEALTH,18.038249969482422,2,0,0,113,2026-03-19 22:20:04
111,5,4777,1,SYSTEM_HEALTH,12.803863048553467,2,0,0,113,2026-03-19 22:21:01
111,5,4951,1,SYSTEM_HEALTH,15.237869024276733,2,0,0,113,2026-03-19 22:22:01
111,5,5130,1,SYSTEM_HEALTH,13.62376356124878,2,0,0,113,2026-03-19 22:23:12
111,5,5301,1,SYSTEM_HEALTH,17.00773310661316,2,0,0,113,2026-03-19 22:24:12
111,5,5472,1,SYSTEM_HEALTH,13.914878606796265,2,0,0,113,2026-03-19 22:25:08
110,5,5638,1,SYSTEM_HEALTH,26.64373540878296,3,0,0,113,2026-03-19 22:26:00
110,5,5804,2,SYSTEM_HEALTH,18.19016432762146,2,0,0,113,2026-03-19 22:27:05
110,5,5972,2,SYSTEM_HEALTH,16.98515510559082,2,0,0,113,2026-03-19 22:28:07
110,6,6138,2,SYSTEM_HEALTH,15.341793537139893,2,0,0,113,2026-03-19 22:29:08
110,6,6310,2,SYSTEM_HEALTH,12.886016845703125,2,0,0,113,2026-03-19 22:30:05
110,6,6482,2,SYSTEM_HEALTH,16.17458176612854,3,0,0,113,2026-03-19 22:31:11
110,6,6657,2,SYSTEM_HEALTH,14.215474605560303,3,0,0,113,2026-03-19 22:32:01
110,6,6824,2,SYSTEM_HEALTH,19.833715438842773,3,0,0,113,2026-03-19 22:33:00
110,6,6994,2,SYSTEM_HEALTH,17.84542465209961,3,0,0,113,2026-03-19 22:34:01
110,6,7162,2,SYSTEM_HEALTH,16.654866933822632,3,0,0,113,2026-03-19 22:35:03
110,6,7334,2,SYSTEM_HEALTH,15.891566276550293,3,0,0,113,2026-03-19 22:36:03
110,7,7510,2,SYSTEM_HEALTH,12.20234727859497,3,0,0,113,2026-03-19 22:37:02
110,7,7683,2,SYSTEM_HEALTH,12.976492881774902,3,0,0,113,2026-03-19 22:38:03
110,7,7857,2,SYSTEM_HEALTH,12.91688871383667,3,0,0,113,2026-03-19 22:39:04
110,7,8031,2,SYSTEM_HEALTH,14.16720175743103,3,0,0,113,2026-03-19 22:40:07
110,7,8208,2,SYSTEM_HEALTH,13.47382640838623,3,0,0,113,2026-03-19 22:41:10
110,7,8378,2,SYSTEM_HEALTH,13.945496320724487,3,0,0,113,2026-03-19 22:42:12
110,7,8548,2,SYSTEM_HEALTH,12.819016695022583,3,0,0,113,2026-03-19 22:43:00
110,7,8718,2,SYSTEM_HEALTH,13.236908435821533,3,0,0,113,2026-03-19 22:44:02
110,7,8890,2,SYSTEM_HEALTH,12.283445119857788,3,0,0,113,2026-03-19 22:45:03
110,8,9058,2,SYSTEM_HEALTH,15.466782331466675,3,0,0,113,2026-03-19 22:46:00
110,8,9238,2,SYSTEM_HEALTH,15.42572283744812,3,0,0,113,2026-03-19 22:47:04
110,8,9410,2,SYSTEM_HEALTH,16.351704597473145,3,0,0,113,2026-03-19 22:48:01
110,8,9579,2,SYSTEM_HEALTH,11.287220001220703,3,0,0,113,2026-03-19 22:49:07
110,8,9747,2,SYSTEM_HEALTH,11.614062786102295,3,0,0,113,2026-03-19 22:50:17
110,8,9915,2,SYSTEM_HEALTH,26.743546962738037,3,0,0,113,2026-03-19 22:51:19
110,8,10083,2,SYSTEM_HEALTH,26.367124557495117,3,0,0,113,2026-03-19 22:52:19
110,8,10254,2,SYSTEM_HEALTH,21.32310461997986,3,0,0,113,2026-03-19 22:53:17
110,8,10429,2,SYSTEM_HEALTH,24.81626582145691,3,0,0,113,2026-03-19 22:54:20
110,8,10601,2,SYSTEM_HEALTH,24.464187383651733,4,0,2,113,2026-03-19 22:55:22
110,8,10773,2,SYSTEM_HEALTH,32.266247272491455,4,0,0,113,2026-03-19 22:56:00
110,8,10954,2,SYSTEM_HEALTH,26.319899082183838,4,0,0,113,2026-03-19 22:57:00
110,8,11138,2,SYSTEM_HEALTH,29.794511318206787,4,0,0,113,2026-03-19 22:58:03
110,9,11319,2,SYSTEM_HEALTH,28.933724403381348,4,0,0,113,2026-03-19 22:59:08
